regime,policy,n,economic_value,value_ci95,fill_rate,fill_ci95,worst_channel_fill,shipping,dispatch,holding,fallback_days,limit_days,max_mip_gap,mean_solve_seconds
normal,base_stock,12,82167.625,2084.7693793035637,0.9702682481755059,0.006648494945363896,0.9467772105698352,19041.51666666667,2808.1666666666665,2464.525,0,0,0.0,0.0
normal,mpc,12,78696.01666666666,1684.4409911099908,0.8923834531382117,0.006168206289687933,0.8599554161838657,12133.683333333334,3137.5,1404.3,0,0,0.014369944316124567,0.024688892789675444
normal,mpc_buffered,12,84753.34166666667,1744.6048466600837,0.9440670139447019,0.004659333460290067,0.9178598869882978,12827.400000000001,2981.5,1853.1750000000002,0,0,0.016383482290409528,0.02341057356349281
surge,base_stock,12,81721.70833333334,1309.0736869833618,0.8356882575301903,0.01109167877314194,0.7884829592170134,26752.850000000006,3882.0,1567.5249999999999,0,0,0.0,0.0
surge,mpc,12,83227.43333333333,1570.5513477786817,0.7661721452221012,0.012339771590292183,0.6669303984834537,15144.483333333332,3425.3333333333335,1099.75,0,0,0.018108750809942356,0.025478219384923242
surge,mpc_buffered,12,90111.375,1621.9135093620416,0.7977056942948351,0.011136056293638992,0.654933168630713,15101.099999999997,3219.3333333333335,1381.2750000000003,0,0,0.014674328480668065,0.023796145547623927
supply_shock,base_stock,12,67955.51666666666,955.5225768040478,0.8809140231204665,0.008903299087239384,0.8338434553288344,20564.199999999997,3344.1666666666665,1826.7,0,0,0.0,0.0
supply_shock,mpc,12,68425.35,1053.6319969297347,0.7824046729767606,0.010217156681853393,0.6337617165794701,11124.933333333334,2930.1666666666665,1238.3,0,0,0.019854121053131522,0.02665823914285663
supply_shock,mpc_buffered,12,73452.85833333334,1046.2936706513092,0.8191444770937969,0.011781624375363,0.6454174332519272,11345.416666666666,2686.0,1606.9749999999997,0,0,0.018162635902612953,0.024439072789686097
