seed,regime,policy,days,horizon,economic_value,fill_rate,worst_channel_fill,demand,sold,terminal_units,terminal_salvage,initial_inventory_charge,forecast_wape,fallback_days,limit_days,max_mip_gap,mean_solve_seconds,max_variables,max_constraints,demand_sha256,revenue,procurement,shipping,dispatch,holding,shortage_penalty,express_units,ground_units,active_dispatches
101,normal,base_stock,21,5,84914.5,0.9653278407140405,0.9114391143911439,2913,2812,34,1576.0,50235.0,0.3137658771026433,0,0,0.0,0.0,0,0,204a7de7c8840dcc82355d437e3be7db366674ed562d6e8f767fec5cd57fbeb1,298120.0,138665.0,19454.2,2864.0,2466.2999999999997,1097.0,141,2439,186
101,normal,mpc,21,5,80771.0,0.8856848609680742,0.8517520215633423,2913,2580,53,2744.0,50235.0,0.3137658771026433,0,0,0.012077591744110706,0.05058472381053781,670,320,204a7de7c8840dcc82355d437e3be7db366674ed562d6e8f767fec5cd57fbeb1,271705.0,123140.0,12372.4,2998.0,1431.6,3501.0,238,2100,177
101,normal,mpc_buffered,21,5,87827.29999999999,0.9378647442499142,0.904610492845787,2913,2732,97,4768.0,50235.0,0.3137658771026433,0,0,0.010191449238291619,0.07464935238108626,670,320,204a7de7c8840dcc82355d437e3be7db366674ed562d6e8f767fec5cd57fbeb1,289478.0,136525.0,13156.199999999999,2906.0,1768.5,1828.0,228,2287,174
101,normal,mpc_safety,21,5,86623.0,0.9430140748369379,0.904610492845787,2913,2747,28,1492.0,50235.0,0.3137658771026433,0,0,0.01433856575207177,0.07188595714285925,720,370,204a7de7c8840dcc82355d437e3be7db366674ed562d6e8f767fec5cd57fbeb1,288312.0,131400.0,14547.199999999999,3392.0,1741.8,1865.0,604,1900,193
102,normal,base_stock,21,5,73236.1,0.9468542399374755,0.908256880733945,2559,2423,7,384.0,50235.0,0.3313794450957405,0,0,0.0,0.0,0,0,83409acb2e3cc2d9e7598f042deff1654397cadb9942ed69f389f05b80dc5dc3,261540.0,114280.0,17399.0,2552.0,2877.8999999999996,1344.0,41,2123,178
102,normal,mpc,21,5,71760.6,0.8839390386869871,0.8318042813455657,2559,2262,20,1160.0,50235.0,0.3313794450957405,0,0,0.013463516781916424,0.03817673809542265,670,320,83409acb2e3cc2d9e7598f042deff1654397cadb9942ed69f389f05b80dc5dc3,244151.0,104430.0,11336.4,3132.0,1476.0,2941.0,240,1776,183
102,normal,mpc_buffered,21,5,78269.3,0.9417741305197342,0.9166666666666666,2559,2410,29,1660.0,50235.0,0.3313794450957405,0,0,0.0115102679177079,0.04229998571307598,670,320,83409acb2e3cc2d9e7598f042deff1654397cadb9942ed69f389f05b80dc5dc3,259728.0,114685.0,11791.6,2920.0,2030.1,1457.0,196,1977,175
102,normal,mpc_safety,21,5,77090.3,0.9417741305197342,0.9057971014492754,2559,2410,16,840.0,50235.0,0.3313794450957405,0,0,0.015933576891212928,0.03215760952332944,720,370,83409acb2e3cc2d9e7598f042deff1654397cadb9942ed69f389f05b80dc5dc3,259445.0,113330.0,12747.199999999999,3378.0,2071.5,1433.0,509,1651,192
103,normal,base_stock,21,5,84724.70000000001,0.9666784828075151,0.9473684210526315,2821,2727,39,2064.0,50235.0,0.3066288550159518,0,0,0.0,0.0,0,0,23f8992acf1c0153545770d8dacc54350c3598d2cad131f354bf9a722478bf63,294918.0,136880.0,19020.2,2914.0,2264.1,944.0,128,2372,191
103,normal,mpc,21,5,80970.9,0.8933002481389578,0.868421052631579,2821,2520,63,3588.0,50235.0,0.3066288550159518,0,0,0.012398087182921595,0.061021633333266004,670,320,23f8992acf1c0153545770d8dacc54350c3598d2cad131f354bf9a722478bf63,272013.0,124355.0,12305.6,3254.0,1417.5,3063.0,249,2061,191
103,normal,mpc_buffered,21,5,87261.1,0.9425735554767812,0.8929663608562691,2821,2659,99,5676.0,50235.0,0.3066288550159518,0,0,0.011088127124415316,0.04493462380889382,670,320,23f8992acf1c0153545770d8dacc54350c3598d2cad131f354bf9a722478bf63,288213.0,136685.0,13286.8,3052.0,1826.1,1543.0,242,2236,183
103,normal,mpc_safety,21,5,86685.4,0.9418645870258774,0.9021406727828746,2821,2657,40,2320.0,50235.0,0.3066288550159518,0,0,0.016727695080784234,0.03795603333266973,720,370,23f8992acf1c0153545770d8dacc54350c3598d2cad131f354bf9a722478bf63,286351.0,131245.0,13868.6,3324.0,1653.0,1660.0,538,1893,191
104,normal,base_stock,21,5,80620.20000000001,0.9679510262873605,0.9367469879518072,2777,2688,69,3672.0,50235.0,0.3284119553474973,0,0,0.0,0.0,0,0,7899cd35116072bcbcb54dad13ebc2ebdaacc08e0bf48d9a2bf633ac2b7ce7a0,289221.0,136090.0,19526.2,2950.0,2514.6,957.0,163,2320,190
104,normal,mpc,21,5,76594.59999999999,0.8772056175729204,0.8403614457831325,2777,2436,74,3940.0,50235.0,0.3284119553474973,0,0,0.01249596368819425,0.036934661904524546,670,320,7899cd35116072bcbcb54dad13ebc2ebdaacc08e0bf48d9a2bf633ac2b7ce7a0,261965.0,119035.0,12037.8,3174.0,1446.6,3382.0,245,1988,186
104,normal,mpc_buffered,21,5,82289.2,0.9337414476053295,0.9186746987951807,2777,2593,119,6572.0,50235.0,0.3284119553474973,0,0,0.013907073826056613,0.03709754761907139,670,320,7899cd35116072bcbcb54dad13ebc2ebdaacc08e0bf48d9a2bf633ac2b7ce7a0,278323.0,132360.0,13159.2,3150.0,1857.6,1844.0,266,2159,185
104,normal,mpc_safety,21,5,82023.1,0.943464169967591,0.9019607843137255,2777,2620,69,3760.0,50235.0,0.3284119553474973,0,0,0.013092514092335075,0.07633519523923973,720,370,7899cd35116072bcbcb54dad13ebc2ebdaacc08e0bf48d9a2bf633ac2b7ce7a0,279480.0,129345.0,14680.4,3460.0,1798.5,1698.0,688,1722,195
105,normal,base_stock,21,5,81585.3,0.9753040914117214,0.9623059866962306,2713,2646,44,1584.0,50235.0,0.29303354220420197,0,0,0.0,0.0,0,0,262c61b261c37234cbaabf95415d15d26a8f2ed9235e0ee36014e5a2342291d6,283525.0,130160.0,17608.4,2622.0,2280.2999999999997,618.0,45,2369,178
105,normal,mpc,21,5,77743.7,0.8997419830446001,0.8787375415282392,2713,2441,51,2056.0,50235.0,0.29303354220420197,0,0,0.0114914248853577,0.060270704761760066,670,320,262c61b261c37234cbaabf95415d15d26a8f2ed9235e0ee36014e5a2342291d6,261706.0,116850.0,11758.0,3156.0,1428.3,2591.0,215,1985,184
105,normal,mpc_buffered,21,5,82751.5,0.9428676741614449,0.925249169435216,2713,2558,94,3956.0,50235.0,0.29303354220420197,0,0,0.011740707169366453,0.043454352380996125,670,320,262c61b261c37234cbaabf95415d15d26a8f2ed9235e0ee36014e5a2342291d6,273722.0,126635.0,11974.4,2804.0,1838.1,1440.0,164,2184,171
105,normal,mpc_safety,21,5,82051.7,0.9583486914854404,0.9368770764119602,2713,2600,36,1472.0,50235.0,0.29303354220420197,0,0,0.015042052557513105,0.035997876189954,720,370,262c61b261c37234cbaabf95415d15d26a8f2ed9235e0ee36014e5a2342291d6,276978.0,125640.0,14247.0,3440.0,1680.3,1156.0,682,1676,195
106,normal,base_stock,21,5,80781.3,0.9775570272259014,0.9461077844311377,2718,2657,44,1936.0,50235.0,0.27115526122148637,0,0,0.0,0.0,0,0,d73539860729d08af51793a4c6754710af86d90681d44005e968452965ca3b9a,284468.0,130875.0,18483.6,2788.0,2414.1,827.0,66,2362,187
106,normal,mpc,21,5,77540.8,0.9039735099337748,0.8714285714285714,2718,2457,54,2648.0,50235.0,0.27115526122148637,0,0,0.010829232810491756,0.03907113809483625,670,320,d73539860729d08af51793a4c6754710af86d90681d44005e968452965ca3b9a,262515.0,118090.0,11936.4,3190.0,1321.8,2849.0,234,1999,185
106,normal,mpc_buffered,21,5,84154.8,0.9613686534216336,0.9337349397590361,2718,2613,102,5168.0,50235.0,0.27115526122148637,0,0,0.011931903989337043,0.04310912857112098,670,320,d73539860729d08af51793a4c6754710af86d90681d44005e968452965ca3b9a,279113.0,131505.0,12402.8,2882.0,1814.3999999999999,1287.0,171,2242,173
106,normal,mpc_safety,21,5,81349.4,0.9584253127299485,0.9454545454545454,2718,2605,48,2432.0,50235.0,0.27115526122148637,0,0,0.017367101570921237,0.0741701238096409,720,370,d73539860729d08af51793a4c6754710af86d90681d44005e968452965ca3b9a,276701.0,126185.0,14394.6,3698.0,1806.0,1465.0,690,1691,207
107,normal,base_stock,21,5,83632.6,0.9766866831508301,0.9672447013487476,2831,2765,62,3640.0,50235.0,0.32673966796185094,0,0,0.0,0.0,0,0,317b2f7f48fc5f021d7af2737fbd8e6c5ecf33aaffc635b3fb6f6ce6fd1bfb7e,296462.0,140450.0,19899.0,2954.0,2156.4,775.0,163,2387,191
107,normal,mpc,21,5,78129.7,0.8830801836806782,0.8552915766738661,2831,2500,68,3768.0,50235.0,0.32673966796185094,0,0,0.010586753195978689,0.03658128571537202,670,320,317b2f7f48fc5f021d7af2737fbd8e6c5ecf33aaffc635b3fb6f6ce6fd1bfb7e,266857.0,121865.0,12421.0,3166.0,1407.3,3401.0,281,2005,184
107,normal,mpc_buffered,21,5,84223.6,0.9392440833627693,0.9114470842332614,2831,2659,124,6972.0,50235.0,0.32673966796185094,0,0,0.011076959049195752,0.03769637619171547,670,320,317b2f7f48fc5f021d7af2737fbd8e6c5ecf33aaffc635b3fb6f6ce6fd1bfb7e,283936.0,136490.0,13246.4,3034.0,1839.0,1840.0,262,2206,181
107,normal,mpc_safety,21,5,84210.79999999999,0.9463087248322147,0.9129129129129129,2831,2679,53,3184.0,50235.0,0.32673966796185094,0,0,0.013453235009548517,0.034925119049148634,720,370,317b2f7f48fc5f021d7af2737fbd8e6c5ecf33aaffc635b3fb6f6ce6fd1bfb7e,284861.0,132160.0,14556.0,3428.0,1678.2,1777.0,600,1854,197
108,normal,base_stock,21,5,81931.6,0.9592352092352092,0.942,2772,2659,0,0.0,50235.0,0.2813852813852814,0,0,0.0,0.0,0,0,d755320dab8b9cf72cdadf3b8368d9fd36c3de268f4cf9147c512711ab062ac0,287559.0,129865.0,19118.6,2778.0,2530.7999999999997,1100.0,31,2362,192
108,normal,mpc,21,5,80062.2,0.8863636363636364,0.856338028169014,2772,2457,12,520.0,50235.0,0.2813852813852814,0,0,0.012236423801840726,0.037612657142744865,670,320,d755320dab8b9cf72cdadf3b8368d9fd36c3de268f4cf9147c512711ab062ac0,265730.0,116805.0,11616.4,3194.0,1268.3999999999999,3069.0,192,2000,186
108,normal,mpc_buffered,21,5,86966.0,0.9393939393939394,0.9215922798552473,2772,2604,30,1652.0,50235.0,0.2813852813852814,0,0,0.012147086030024321,0.06716450476267796,670,320,d755320dab8b9cf72cdadf3b8368d9fd36c3de268f4cf9147c512711ab062ac0,282420.0,128575.0,12112.4,2894.0,1740.6,1549.0,141,2203,176
108,normal,mpc_safety,21,5,84305.5,0.9422799422799423,0.9372738238841978,2772,2612,1,80.0,50235.0,0.2813852813852814,0,0,0.012408602801125173,0.03601930952399492,720,370,d755320dab8b9cf72cdadf3b8368d9fd36c3de268f4cf9147c512711ab062ac0,280988.0,125705.0,13890.8,3544.0,1751.7,1636.0,564,1783,201
109,normal,base_stock,21,5,81633.9,0.9658450704225352,0.962843295638126,2840,2743,85,5216.0,50235.0,0.30246478873239435,0,0,0.0,0.0,0,0,92ff42ccc4a8ff74102a93e2f45d6a11ca42d3346bec071a17ab5d3c60377bf6,291702.0,139945.0,19153.2,2714.0,2382.9,854.0,153,2395,176
109,normal,mpc,21,5,80177.3,0.8975352112676056,0.883538633818589,2840,2549,89,4788.0,50235.0,0.30246478873239435,0,0,0.012558220160307783,0.06236412857106188,670,320,92ff42ccc4a8ff74102a93e2f45d6a11ca42d3346bec071a17ab5d3c60377bf6,270911.0,125895.0,12140.2,2998.0,1588.5,2665.0,205,2126,177
109,normal,mpc_buffered,21,5,84667.4,0.9440140845070423,0.9240710823909531,2840,2681,138,7740.0,50235.0,0.30246478873239435,0,0,0.012966743952543425,0.04015400476263104,670,320,92ff42ccc4a8ff74102a93e2f45d6a11ca42d3346bec071a17ab5d3c60377bf6,284203.0,137890.0,12858.2,2932.0,1916.3999999999999,1444.0,162,2325,178
109,normal,mpc_safety,21,5,84774.9,0.9390845070422535,0.851373182552504,2840,2667,53,3096.0,50235.0,0.30246478873239435,0,0,0.012642139109056896,0.25026800000099075,720,370,92ff42ccc4a8ff74102a93e2f45d6a11ca42d3346bec071a17ab5d3c60377bf6,282553.0,130575.0,13631.0,3042.0,1814.1,1577.0,462,1984,178
110,normal,base_stock,21,5,82775.7,0.9769784172661871,0.9401041666666666,2780,2716,74,3412.0,50235.0,0.302158273381295,0,0,0.0,0.0,0,0,5adf094671822a135a8bc6096cc096d338387536a362f27eb5d3eaf77549ee8f,294723.0,139170.0,19518.0,2836.0,2832.2999999999997,768.0,146,2369,184
110,normal,mpc,21,5,80666.0,0.9129496402877698,0.8802083333333334,2780,2538,80,3848.0,50235.0,0.302158273381295,0,0,0.010452430202191377,0.04238430952405213,670,320,5adf094671822a135a8bc6096cc096d338387536a362f27eb5d3eaf77549ee8f,273551.0,126370.0,12855.2,3136.0,1435.8,2701.0,285,2042,184
110,normal,mpc_buffered,21,5,84487.3,0.943884892086331,0.9193798449612403,2780,2624,129,6624.0,50235.0,0.302158273381295,0,0,0.01041673329008588,0.11569951428550883,670,320,5adf094671822a135a8bc6096cc096d338387536a362f27eb5d3eaf77549ee8f,283965.0,136130.0,13105.6,2806.0,2090.1,1735.0,227,2219,169
110,normal,mpc_safety,21,5,83567.2,0.9507194244604317,0.9162790697674419,2780,2643,77,3828.0,50235.0,0.302158273381295,0,0,0.012806036008953145,0.038409557142932454,720,370,5adf094671822a135a8bc6096cc096d338387536a362f27eb5d3eaf77549ee8f,283968.0,132500.0,14464.0,3414.0,1918.8,1697.0,583,1848,196
111,normal,base_stock,21,5,85139.9,0.9798331015299027,0.9709035222052067,2876,2818,62,2892.0,50235.0,0.27990264255910985,0,0,0.0,0.0,0,0,1bab51538f124c84ace92efc172cf63ec1f4056bdbe5ec8ad783398574fe9425,300892.0,142285.0,20145.2,2926.0,2361.9,691.0,116,2498,194
111,normal,mpc,21,5,81218.6,0.8956884561891516,0.8437978560490046,2876,2576,61,2812.0,50235.0,0.27990264255910985,0,0,0.012949637799071552,0.041931314285778044,670,320,1bab51538f124c84ace92efc172cf63ec1f4056bdbe5ec8ad783398574fe9425,275694.0,126125.0,13356.4,3290.0,1278.0,3003.0,307,2064,190
111,normal,mpc_buffered,21,5,87857.5,0.9499304589707928,0.886676875957121,2876,2732,86,4064.0,50235.0,0.27990264255910985,0,0,0.01137895831700708,0.06539151904767745,670,320,1bab51538f124c84ace92efc172cf63ec1f4056bdbe5ec8ad783398574fe9425,292784.0,138175.0,14160.4,3292.0,1697.1,1431.0,303,2247,193
111,normal,mpc_safety,21,5,86663.79999999999,0.9506258692628651,0.8698315467075038,2876,2734,43,2164.0,50235.0,0.27990264255910985,0,0,0.015419976662108228,0.09669293809323183,720,370,1bab51538f124c84ace92efc172cf63ec1f4056bdbe5ec8ad783398574fe9425,291305.0,134735.0,15212.8,3502.0,1577.3999999999999,1543.0,676,1835,198
112,normal,base_stock,21,5,85035.70000000001,0.9849677881173944,0.9660056657223796,2794,2752,20,1116.0,50235.0,0.28203292770221905,0,0,0.0,0.0,0,0,9cdc81398fb1d70a33b8e496f4eb45741c7b081b064bce7ca79442d74ffefe45,295845.0,136710.0,19172.6,2800.0,2492.7,515.0,43,2463,190
112,normal,mpc,21,5,79355.3,0.8940586972083036,0.8708133971291866,2794,2498,49,2908.0,50235.0,0.28203292770221905,0,0,0.012144470837119796,0.036504028571168114,670,320,9cdc81398fb1d70a33b8e496f4eb45741c7b081b064bce7ca79442d74ffefe45,265703.0,119545.0,11968.6,3044.0,1340.1,3123.0,200,2072,181
112,normal,mpc_buffered,21,5,85396.29999999999,0.9477451682176091,0.9323671497584541,2794,2648,78,4216.0,50235.0,0.28203292770221905,0,0,0.011311934050459974,0.06860113809636373,670,320,9cdc81398fb1d70a33b8e496f4eb45741c7b081b064bce7ca79442d74ffefe45,283258.0,132550.0,12935.0,2948.0,1841.7,1568.0,173,2274,177
112,normal,mpc_safety,21,5,83767.6,0.9498926270579814,0.9323671497584541,2794,2654,27,1808.0,50235.0,0.28203292770221905,0,0,0.011166973857342903,0.07159127142776492,720,370,9cdc81398fb1d70a33b8e496f4eb45741c7b081b064bce7ca79442d74ffefe45,281833.0,128490.0,14232.599999999999,3534.0,1738.8,1643.0,592,1823,201
101,surge,base_stock,21,5,79940.9,0.7995313720385316,0.7315068493150685,3841,3071,5,180.0,50235.0,0.3355896901848477,0,0,0.0,0.0,0,0,4ae6fb1c4f7be13e0b399f3f33fe3665b81e6322db76837801ce3866d627e4a6,326422.0,155120.0,28072.6,3966.0,1684.5,7583.0,1208,1602,209
101,surge,mpc,21,5,83109.1,0.7279354334808643,0.6472049689440994,3841,2796,37,2344.0,50235.0,0.3355896901848477,0,0,0.01410073769555523,0.08571810476098021,670,320,4ae6fb1c4f7be13e0b399f3f33fe3665b81e6322db76837801ce3866d627e4a6,295304.0,135330.0,14588.0,3164.0,1140.9,10081.0,427,2110,186
101,surge,mpc_buffered,21,5,91705.4,0.7643842749284041,0.6074534161490683,3841,2936,45,2368.0,50235.0,0.3355896901848477,0,0,0.012844643318852492,0.06018475238046709,670,320,4ae6fb1c4f7be13e0b399f3f33fe3665b81e6322db76837801ce3866d627e4a6,311632.0,144080.0,14978.199999999999,3146.0,1496.3999999999999,8359.0,403,2282,184
101,surge,mpc_safety,21,5,87433.9,0.7669877636032283,0.6683229813664596,3841,2946,21,1460.0,50235.0,0.3355896901848477,0,0,0.017600497507197953,0.07543447142996315,720,370,4ae6fb1c4f7be13e0b399f3f33fe3665b81e6322db76837801ce3866d627e4a6,310107.0,142075.0,18327.2,3738.0,1410.9,8347.0,1175,1512,202
102,surge,base_stock,21,5,82982.79999999999,0.8568414707655214,0.826530612244898,3318,2843,24,864.0,50235.0,0.34026522001205545,0,0,0.0,0.0,0,0,10a89df2162a1017360a23f6b9afab9c38902b44f46356294195bbf106cf4e0d,309064.0,144395.0,22212.2,3634.0,1976.9999999999998,4492.0,655,1946,216
102,surge,mpc,21,5,78775.0,0.7893309222423146,0.7401360544217687,3318,2619,23,1224.0,50235.0,0.34026522001205545,0,0,0.016935079001768306,0.037165842858181954,670,320,10a89df2162a1017360a23f6b9afab9c38902b44f46356294195bbf106cf4e0d,281779.0,127615.0,14600.4,3648.0,1209.6,6920.0,463,1912,207
102,surge,mpc_buffered,21,5,85827.1,0.8251959011452682,0.708843537414966,3318,2738,41,2048.0,50235.0,0.34026522001205545,0,0,0.01152970231169136,0.042046123810342534,670,320,10a89df2162a1017360a23f6b9afab9c38902b44f46356294195bbf106cf4e0d,296971.0,137135.0,15522.8,3356.0,1496.1,5447.0,490,2022,194
102,surge,mpc_safety,21,5,82962.6,0.8239903556359253,0.7129251700680272,3318,2734,22,1188.0,50235.0,0.34026522001205545,0,0,0.013761385962088247,0.10696240476127492,720,370,10a89df2162a1017360a23f6b9afab9c38902b44f46356294195bbf106cf4e0d,293133.0,133570.0,16730.2,3506.0,1594.1999999999998,5723.0,945,1543,194
103,surge,base_stock,21,5,81304.5,0.8364145658263306,0.7406855439642325,3570,2986,34,1928.0,50235.0,0.29411764705882354,0,0,0.0,0.0,0,0,33590b1dd3c6df99766551fd3aa327414d9f3306cf566efa6181f7eded3e2d60,321517.0,154140.0,26783.2,3804.0,1467.3,5711.0,1195,1558,201
103,surge,mpc,21,5,85398.20000000001,0.77703081232493,0.6553884711779449,3570,2774,47,2352.0,50235.0,0.29411764705882354,0,0,0.012830743236552344,0.06780380952321659,670,320,33590b1dd3c6df99766551fd3aa327414d9f3306cf566efa6181f7eded3e2d60,298877.0,137925.0,15726.2,3378.0,1062.6,7504.0,556,1995,192
103,surge,mpc_buffered,21,5,92007.9,0.8100840336134454,0.6466165413533834,3570,2892,77,3916.0,50235.0,0.29411764705882354,0,0,0.011088127124415316,0.03999681904748459,670,320,33590b1dd3c6df99766551fd3aa327414d9f3306cf566efa6181f7eded3e2d60,309060.0,144530.0,15423.0,3220.0,1328.1,6232.0,438,2253,190
103,surge,mpc_safety,21,5,88363.20000000001,0.8064425770308123,0.6365914786967418,3570,2879,36,1956.0,50235.0,0.29411764705882354,0,0,0.016727695080784234,0.07449226190510672,720,370,33590b1dd3c6df99766551fd3aa327414d9f3306cf566efa6181f7eded3e2d60,307531.0,141385.0,18414.399999999998,3430.0,1295.3999999999999,6364.0,1149,1499,190
104,surge,base_stock,21,5,79927.40000000001,0.8264393515930688,0.7901785714285714,3578,2957,16,576.0,50235.0,0.32168809390721076,0,0,0.0,0.0,0,0,fb27fb8845c7f6a6e8a581c00b64857690c187a29572ef73a91ff52862fb119c,317865.0,149990.0,26499.0,3896.0,1731.6,6162.0,1192,1515,209
104,surge,mpc,21,5,82022.6,0.7540525433202907,0.6425755584756899,3578,2698,28,1008.0,50235.0,0.32168809390721076,0,0,0.014286409329720284,0.06294340952341113,670,320,fb27fb8845c7f6a6e8a581c00b64857690c187a29572ef73a91ff52862fb119c,289260.0,130240.0,14877.0,3286.0,1154.3999999999999,8453.0,553,1902,189
104,surge,mpc_buffered,21,5,90246.1,0.7859139183901621,0.5886990801576872,3578,2812,46,1876.0,50235.0,0.32168809390721076,0,0,0.012158526197313415,0.09259305714173631,670,320,fb27fb8845c7f6a6e8a581c00b64857690c187a29572ef73a91ff52862fb119c,303118.0,138545.0,14458.8,2968.0,1475.1,7066.0,411,2175,177
104,surge,mpc_safety,21,5,86329.79999999999,0.791224147568474,0.6438896189224704,3578,2831,8,332.0,50235.0,0.32168809390721076,0,0,0.01644361944647404,0.16082237619065426,720,370,fb27fb8845c7f6a6e8a581c00b64857690c187a29572ef73a91ff52862fb119c,302248.0,136040.0,18027.8,3558.0,1442.3999999999999,6947.0,1206,1366,192
105,surge,base_stock,21,5,81278.1,0.844092219020173,0.8290155440414507,3470,2929,38,1852.0,50235.0,0.31412103746397696,0,0,0.0,0.0,0,0,b02ad5efa5624a455f00996fac89147dabe1b8dd38a08670e95309f4f7f408a5,315170.0,150545.0,24749.4,3850.0,1273.5,5091.0,1117,1551,205
105,surge,mpc,21,5,82727.1,0.7809798270893372,0.6797385620915033,3470,2710,64,3008.0,50235.0,0.31412103746397696,0,0,0.014610783209516734,0.06525816666786947,670,320,b02ad5efa5624a455f00996fac89147dabe1b8dd38a08670e95309f4f7f408a5,291103.0,134930.0,14690.0,3366.0,1128.8999999999999,7034.0,433,2032,194
105,surge,mpc_buffered,21,5,86442.3,0.8020172910662824,0.6496732026143791,3470,2783,120,5816.0,50235.0,0.31412103746397696,0,0,0.011916595515201578,0.060177314285759904,670,320,b02ad5efa5624a455f00996fac89147dabe1b8dd38a08670e95309f4f7f408a5,298385.0,142110.0,14633.2,3164.0,1363.4999999999998,6253.0,387,2183,186
105,surge,mpc_safety,21,5,85099.0,0.8164265129682997,0.6705882352941176,3470,2833,51,2540.0,50235.0,0.31412103746397696,0,0,0.013401981383949237,0.04138544285628346,720,370,b02ad5efa5624a455f00996fac89147dabe1b8dd38a08670e95309f4f7f408a5,301926.0,140540.0,17586.399999999998,3768.0,1257.6,5980.0,1011,1567,207
106,surge,base_stock,21,5,80973.2,0.8410896708286039,0.8067961165048544,3524,2964,18,1000.0,50235.0,0.29199772985244044,0,0,0.0,0.0,0,0,2960d2c9fc300c1839931133cf3815e921f85bf18e91b77ce64fdbf784a46ce8,318952.0,150615.0,27456.2,3876.0,1563.6,5233.0,1130,1586,209
106,surge,mpc,21,5,80842.2,0.761066969353008,0.658974358974359,3524,2682,60,2512.0,50235.0,0.29199772985244044,0,0,0.01507576317860161,0.03646368095221641,670,320,2960d2c9fc300c1839931133cf3815e921f85bf18e91b77ce64fdbf784a46ce8,287191.0,131015.0,15237.199999999999,3292.0,1104.6,7977.0,605,1845,188
106,surge,mpc_buffered,21,5,88341.70000000001,0.7959704880817253,0.6653846153846154,3524,2805,85,3852.0,50235.0,0.29199772985244044,0,0,0.011768635295781342,0.0386068761903776,670,320,2960d2c9fc300c1839931133cf3815e921f85bf18e91b77ce64fdbf784a46ce8,300623.0,139985.0,14804.6,3156.0,1409.6999999999998,6543.0,434,2156,184
106,surge,mpc_safety,21,5,84236.5,0.79738933030647,0.6864077669902913,3524,2810,35,1612.0,50235.0,0.29199772985244044,0,0,0.017367101570921237,0.18323647142893779,720,370,2960d2c9fc300c1839931133cf3815e921f85bf18e91b77ce64fdbf784a46ce8,298448.0,135650.0,18438.0,3554.0,1384.5,6562.0,1235,1343,191
107,surge,base_stock,21,5,86733.20000000001,0.8712566470752868,0.8546255506607929,3573,3113,23,1532.0,50235.0,0.30926392387349566,0,0,0.0,0.0,0,0,3d204d0ef608599c08c88b94fafcf4c1f581bea027bae9f34d3d7bbb901816b0,332760.0,160570.0,26876.0,4120.0,1222.8,4535.0,1184,1678,220
107,surge,mpc,21,5,85887.1,0.801007556675063,0.7259786476868327,3573,2862,63,3104.0,50235.0,0.30926392387349566,0,0,0.013461615358299674,0.07242490476311927,670,320,3d204d0ef608599c08c88b94fafcf4c1f581bea027bae9f34d3d7bbb901816b0,303844.0,143100.0,16029.8,3536.0,1022.1,7138.0,574,2043,199
107,surge,mpc_buffered,21,5,91459.79999999999,0.8208788133221383,0.7093712930011863,3573,2933,101,5308.0,50235.0,0.30926392387349566,0,0,0.01180724588808835,0.04154956190489299,670,320,3d204d0ef608599c08c88b94fafcf4c1f581bea027bae9f34d3d7bbb901816b0,312802.0,150150.0,15598.4,3254.0,1312.8,6100.0,370,2348,191
107,surge,mpc_safety,21,5,89611.20000000001,0.8323537643436888,0.7200474495848161,3573,2974,30,1960.0,50235.0,0.30926392387349566,0,0,0.014672697413309243,0.07023072857174113,720,370,3d204d0ef608599c08c88b94fafcf4c1f581bea027bae9f34d3d7bbb901816b0,313576.0,146820.0,18048.8,3634.0,1143.0,6044.0,997,1730,201
108,surge,base_stock,21,5,83255.20000000001,0.8297222222222222,0.7882205513784462,3600,2987,7,560.0,50235.0,0.2897222222222222,0,0,0.0,0.0,0,0,9b7e8e8eed7af705fed3991c35fe274309d05a6bac204c1eea31f70bdcf8e2da,323232.0,152805.0,26435.8,3674.0,1560.0,5827.0,981,1747,206
108,surge,mpc,21,5,84724.0,0.7666666666666667,0.6591478696741855,3600,2760,14,1120.0,50235.0,0.2897222222222222,0,0,0.012236423801840726,0.040125023809932395,670,320,9b7e8e8eed7af705fed3991c35fe274309d05a6bac204c1eea31f70bdcf8e2da,296688.0,135425.0,14881.8,3516.0,994.1999999999999,8032.0,476,2027,199
108,surge,mpc_buffered,21,5,92558.4,0.8013888888888889,0.6578947368421053,3600,2885,11,880.0,50235.0,0.2897222222222222,0,0,0.011893389487479035,0.09383781428568043,670,320,9b7e8e8eed7af705fed3991c35fe274309d05a6bac204c1eea31f70bdcf8e2da,311307.0,143115.0,15191.8,3346.0,1195.8,6545.0,379,2250,194
108,surge,mpc_safety,21,5,88217.20000000001,0.7936111111111112,0.6378446115288221,3600,2857,11,880.0,50235.0,0.2897222222222222,0,0,0.013736870092545834,0.08578587142914157,720,370,9b7e8e8eed7af705fed3991c35fe274309d05a6bac204c1eea31f70bdcf8e2da,307233.0,140315.0,17703.0,3614.0,1258.8,6770.0,1062,1538,201
109,surge,base_stock,21,5,81920.4,0.8285867813003761,0.7536231884057971,3722,3084,17,964.0,50235.0,0.30064481461579795,0,0,0.0,0.0,0,0,01fe7c6a56413f004d672b31f6d206c62691d03beb4fef9eb3f660733c618eb4,331437.0,159985.0,28767.2,4212.0,1259.3999999999999,6022.0,1343,1492,218
109,surge,mpc,21,5,85970.9,0.7638366469639979,0.6414868105515588,3722,2843,42,2832.0,50235.0,0.30064481461579795,0,0,0.015049470858602504,0.07044109047585932,670,320,01fe7c6a56413f004d672b31f6d206c62691d03beb4fef9eb3f660733c618eb4,303838.0,141960.0,15673.0,3564.0,1133.1,8134.0,455,2142,206
109,surge,mpc_buffered,21,5,91928.80000000002,0.7982267598065557,0.6750599520383693,3722,2971,63,4204.0,50235.0,0.30064481461579795,0,0,0.01260714568154233,0.038076057143501076,670,320,01fe7c6a56413f004d672b31f6d206c62691d03beb4fef9eb3f660733c618eb4,315112.0,149930.0,15584.4,3382.0,1318.8,6937.0,356,2384,198
109,surge,mpc_safety,21,5,89663.79999999999,0.7987641053197205,0.6127098321342925,3722,2973,39,2680.0,50235.0,0.30064481461579795,0,0,0.015546495008337862,0.33506718571325544,720,370,01fe7c6a56413f004d672b31f6d206c62691d03beb4fef9eb3f660733c618eb4,315577.0,147950.0,18626.8,3736.0,1241.3999999999999,6804.0,1179,1546,204
110,surge,base_stock,21,5,80245.5,0.8333795397837538,0.8132701421800947,3607,3006,36,2308.0,50235.0,0.31244801774327696,0,0,0.0,0.0,0,0,df9d8f0efd05bb4ddbe9980a8bd2523c20f1e788ec6e3b171abd6c821caabf7b,323124.0,155185.0,27909.0,3884.0,2074.5,5899.0,1063,1713,211
110,surge,mpc,21,5,79955.9,0.7471583032991406,0.6340269277845777,3607,2695,106,6236.0,50235.0,0.31244801774327696,0,0,0.0125729052162634,0.037356804761830495,670,320,df9d8f0efd05bb4ddbe9980a8bd2523c20f1e788ec6e3b171abd6c821caabf7b,287034.0,135320.0,14385.4,3270.0,1265.6999999999998,8838.0,430,2061,190
110,surge,mpc_buffered,21,5,86753.2,0.7743276961463821,0.609547123623011,3607,2793,138,7740.0,50235.0,0.31244801774327696,0,0,0.012086264773990022,0.06704393809611377,670,320,df9d8f0efd05bb4ddbe9980a8bd2523c20f1e788ec6e3b171abd6c821caabf7b,299275.0,143645.0,14267.6,2946.0,1690.2,7478.0,363,2243,174
110,surge,mpc_safety,21,5,84717.5,0.7820903798170225,0.5936352509179926,3607,2821,82,5020.0,50235.0,0.31244801774327696,0,0,0.014903713841438574,0.09151297142913488,720,370,df9d8f0efd05bb4ddbe9980a8bd2523c20f1e788ec6e3b171abd6c821caabf7b,299592.0,140460.0,16726.4,3390.0,1592.1,7491.0,940,1662,190
111,surge,base_stock,21,5,82946.20000000001,0.8308362843911741,0.776183644189383,3671,3050,32,1460.0,50235.0,0.30019068373740126,0,0,0.0,0.0,0,0,3f2dc35e329ceb521ea32addbcb9080143290ab7c74309438a8b3f62bc8f3a8a,329466.0,158415.0,27899.4,3910.0,1451.4,6069.0,1122,1694,215
111,surge,mpc,21,5,85584.79999999999,0.7632797602833016,0.6421895861148198,3671,2802,50,2724.0,50235.0,0.30019068373740126,0,0,0.01529926046204653,0.05925791428550534,670,320,3f2dc35e329ceb521ea32addbcb9080143290ab7c74309438a8b3f62bc8f3a8a,301503.0,139925.0,15703.0,3490.0,1000.1999999999999,8289.0,524,2058,200
111,surge,mpc_buffered,21,5,93146.29999999999,0.7997820757286843,0.6355140186915887,3671,2936,75,3712.0,50235.0,0.30019068373740126,0,0,0.013809026939510374,0.08681859047508278,670,320,3f2dc35e329ceb521ea32addbcb9080143290ab7c74309438a8b3f62bc8f3a8a,315581.0,148455.0,16198.6,3302.0,1214.1,6742.0,467,2277,193
111,surge,mpc_safety,21,5,89315.19999999998,0.800054481067829,0.6194926568758344,3671,2937,46,2492.0,50235.0,0.30019068373740126,0,0,0.016924272731167055,0.03881546190470025,720,370,3f2dc35e329ceb521ea32addbcb9080143290ab7c74309438a8b3f62bc8f3a8a,313528.0,145820.0,18831.8,3762.0,1149.0,6907.0,1106,1609,208
112,surge,base_stock,21,5,79153.1,0.8300689655172414,0.7511591962905718,3625,3009,35,1876.0,50235.0,0.26786206896551723,0,0,0.0,0.0,0,0,c83cfe83f5f29b160aec1f0eb978b5dc860fad32138c6a3e10ece7b554ada1a8,321365.0,154890.0,27374.2,3758.0,1544.7,6286.0,1041,1737,207
112,surge,mpc,21,5,84769.6,0.7638620689655172,0.6505867014341591,3625,2769,45,2588.0,50235.0,0.26786206896551723,0,0,0.01839038841342988,0.06845794761847217,670,320,c83cfe83f5f29b160aec1f0eb978b5dc860fad32138c6a3e10ece7b554ada1a8,297031.0,137005.0,15233.199999999999,3432.0,985.1999999999999,7959.0,500,2040,198
112,surge,mpc_buffered,21,5,91330.5,0.7950344827586207,0.6597131681877445,3625,2882,72,4088.0,50235.0,0.26786206896551723,0,0,0.01326950646824614,0.08640994761870908,670,320,c83cfe83f5f29b160aec1f0eb978b5dc860fad32138c6a3e10ece7b554ada1a8,308644.0,145065.0,15037.8,3144.0,1244.7,6675.0,372,2309,186
112,surge,mpc_safety,21,5,87702.1,0.7986206896551724,0.6414602346805737,3625,2895,41,2400.0,50235.0,0.26786206896551723,0,0,0.014452505021278993,0.10482560476209203,720,370,c83cfe83f5f29b160aec1f0eb978b5dc860fad32138c6a3e10ece7b554ada1a8,307292.0,141725.0,18356.6,3740.0,1251.3,6682.0,1165,1499,205
101,supply_shock,base_stock,21,5,66997.6,0.8578784757981462,0.7564575645756457,2913,2499,63,3280.0,50235.0,0.3137658771026433,0,0,0.0,0.0,0,0,204a7de7c8840dcc82355d437e3be7db366674ed562d6e8f767fec5cd57fbeb1,263215.0,119395.0,20361.6,3298.0,1816.8,4391.0,753,1501,182
101,supply_shock,mpc,21,5,69393.3,0.7603844833504978,0.643879173290938,2913,2215,39,2020.0,50235.0,0.3137658771026433,0,0,0.016528763929965287,0.14397472857221838,670,320,204a7de7c8840dcc82355d437e3be7db366674ed562d6e8f767fec5cd57fbeb1,236264.0,97560.0,10990.8,2664.0,1194.9,6246.0,277,1696,156
101,supply_shock,mpc_buffered,21,5,73157.6,0.7902506007552351,0.6629570747217806,2913,2302,92,4984.0,50235.0,0.3137658771026433,0,0,0.016111025896884585,0.0358024333337588,670,320,204a7de7c8840dcc82355d437e3be7db366674ed562d6e8f767fec5cd57fbeb1,245545.0,106775.0,10827.8,2604.0,1554.6,5375.0,225,1859,156
101,supply_shock,mpc_safety,21,5,71872.2,0.8070717473395125,0.7027027027027027,2913,2351,25,1604.0,50235.0,0.3137658771026433,0,0,0.01992302953515439,0.16824367618980995,720,370,204a7de7c8840dcc82355d437e3be7db366674ed562d6e8f767fec5cd57fbeb1,247840.0,104150.0,13539.8,3024.0,1440.0,5183.0,743,1361,166
102,supply_shock,base_stock,21,5,67724.0,0.9042594763579523,0.8858695652173914,2559,2314,15,760.0,50235.0,0.3313794450957405,0,0,0.0,0.0,0,0,83409acb2e3cc2d9e7598f042deff1654397cadb9942ed69f389f05b80dc5dc3,250672.0,107975.0,17880.0,3050.0,2295.0,2273.0,452,1611,185
102,supply_shock,mpc,21,5,65485.899999999994,0.8077373974208675,0.6467391304347826,2559,2067,16,884.0,50235.0,0.3313794450957405,0,0,0.019700568123001465,0.06110758571351956,670,320,83409acb2e3cc2d9e7598f042deff1654397cadb9942ed69f389f05b80dc5dc3,224999.0,90635.0,10653.2,2992.0,1341.8999999999999,4540.0,270,1547,178
102,supply_shock,mpc_buffered,21,5,71216.6,0.8628370457209847,0.6739130434782609,2559,2208,30,1652.0,50235.0,0.3313794450957405,0,0,0.014445480326823608,0.0858582238094338,670,320,83409acb2e3cc2d9e7598f042deff1654397cadb9942ed69f389f05b80dc5dc3,239536.0,100635.0,11287.2,2826.0,1756.2,3232.0,261,1711,169
102,supply_shock,mpc_safety,21,5,68311.0,0.8585384915982806,0.7697201017811705,2559,2197,22,1276.0,50235.0,0.3313794450957405,0,0,0.019403260466420016,0.24766845714371552,720,370,83409acb2e3cc2d9e7598f042deff1654397cadb9942ed69f389f05b80dc5dc3,236323.0,98185.0,12842.8,3054.0,1708.1999999999998,3263.0,703,1250,171
103,supply_shock,base_stock,21,5,66347.6,0.8663594470046083,0.8139963167587477,2821,2444,78,4084.0,50235.0,0.3066288550159518,0,0,0.0,0.0,0,0,23f8992acf1c0153545770d8dacc54350c3598d2cad131f354bf9a722478bf63,263539.0,120180.0,21861.8,3542.0,1641.6,3815.0,907,1318,188
103,supply_shock,mpc,21,5,69162.5,0.7692307692307693,0.581039755351682,2821,2170,61,3428.0,50235.0,0.3066288550159518,0,0,0.016837424873821078,0.0882437047617887,670,320,23f8992acf1c0153545770d8dacc54350c3598d2cad131f354bf9a722478bf63,235399.0,98395.0,10901.4,2934.0,1178.1,6021.0,296,1660,171
103,supply_shock,mpc_buffered,21,5,75199.7,0.8110599078341014,0.5948012232415902,2821,2288,92,5028.0,50235.0,0.3066288550159518,0,0,0.014916135658416074,0.13033326666655262,670,320,23f8992acf1c0153545770d8dacc54350c3598d2cad131f354bf9a722478bf63,248872.0,108070.0,11673.8,2580.0,1558.4999999999998,4583.0,341,1751,155
103,supply_shock,mpc_safety,21,5,71222.40000000001,0.8032612548741581,0.6574923547400612,2821,2266,54,3220.0,50235.0,0.3066288550159518,0,0,0.018903023009260226,0.2633180380951325,720,370,23f8992acf1c0153545770d8dacc54350c3598d2cad131f354bf9a722478bf63,243933.0,102895.0,13401.6,3000.0,1428.0,4971.0,788,1263,165
104,supply_shock,base_stock,21,5,65549.5,0.8718041051494418,0.8343373493975904,2777,2421,81,4324.0,50235.0,0.3284119553474973,0,0,0.0,0.0,0,0,7899cd35116072bcbcb54dad13ebc2ebdaacc08e0bf48d9a2bf633ac2b7ce7a0,260157.0,118675.0,21271.6,3310.0,1878.9,3561.0,850,1361,180
104,supply_shock,mpc,21,5,65436.8,0.7562117392870004,0.5931372549019608,2777,2100,74,3940.0,50235.0,0.3284119553474973,0,0,0.013695218052097544,0.06890718095175023,670,320,7899cd35116072bcbcb54dad13ebc2ebdaacc08e0bf48d9a2bf633ac2b7ce7a0,228557.0,95500.0,11100.4,2914.0,1282.8,6028.0,318,1574,171
104,supply_shock,mpc_buffered,21,5,70818.9,0.7940223262513504,0.6078431372549019,2777,2205,119,6528.0,50235.0,0.3284119553474973,0,0,0.012517348249405709,0.11490443333431835,670,320,7899cd35116072bcbcb54dad13ebc2ebdaacc08e0bf48d9a2bf633ac2b7ce7a0,240379.0,105660.0,11252.8,2438.0,1635.3,4867.0,281,1736,147
104,supply_shock,mpc_safety,21,5,68636.2,0.8026647461289161,0.6805721096543504,2777,2229,77,4048.0,50235.0,0.3284119553474973,0,0,0.018318995686551966,0.25257030952343484,720,370,7899cd35116072bcbcb54dad13ebc2ebdaacc08e0bf48d9a2bf633ac2b7ce7a0,240180.0,102650.0,13295.8,3010.0,1599.0,4802.0,770,1254,165
105,supply_shock,base_stock,21,5,67521.7,0.888315517876889,0.8603104212860311,2713,2410,50,2020.0,50235.0,0.29303354220420197,0,0,0.0,0.0,0,0,262c61b261c37234cbaabf95415d15d26a8f2ed9235e0ee36014e5a2342291d6,258710.0,115135.0,19848.2,3572.0,1511.1,2907.0,810,1344,193
105,supply_shock,mpc,21,5,69266.8,0.8109104312569112,0.6395348837209303,2713,2200,41,1784.0,50235.0,0.29303354220420197,0,0,0.018052231606659225,0.16013564285683624,670,320,262c61b261c37234cbaabf95415d15d26a8f2ed9235e0ee36014e5a2342291d6,235703.0,98130.0,11116.0,2776.0,1255.2,4708.0,314,1643,164
105,supply_shock,mpc_buffered,21,5,72654.8,0.8356063398451898,0.654485049833887,2713,2267,85,3720.0,50235.0,0.29303354220420197,0,0,0.01491792159532597,0.07990922380953894,670,320,262c61b261c37234cbaabf95415d15d26a8f2ed9235e0ee36014e5a2342291d6,242443.0,104280.0,10967.199999999999,2602.0,1454.9999999999998,3969.0,278,1764,158
105,supply_shock,mpc_safety,21,5,69843.7,0.8370807224474751,0.7192691029900332,2713,2271,36,1428.0,50235.0,0.29303354220420197,0,0,0.01487937989646841,0.3495984999989603,720,370,262c61b261c37234cbaabf95415d15d26a8f2ed9235e0ee36014e5a2342291d6,240999.0,100880.0,13092.0,2946.0,1371.3,4059.0,742,1275,164
106,supply_shock,base_stock,21,5,66214.1,0.8910963944076526,0.8257142857142857,2718,2422,89,4612.0,50235.0,0.27115526122148637,0,0,0.0,0.0,0,0,d73539860729d08af51793a4c6754710af86d90681d44005e968452965ca3b9a,259264.0,118310.0,20930.8,3100.0,1886.1,3200.0,751,1441,175
106,supply_shock,mpc,21,5,66310.5,0.7814569536423841,0.6859504132231405,2718,2124,56,2808.0,50235.0,0.27115526122148637,0,0,0.014162293231238006,0.058152966666620204,670,320,d73539860729d08af51793a4c6754710af86d90681d44005e968452965ca3b9a,228186.0,94230.0,10730.2,2738.0,1230.3,5520.0,307,1591,162
106,supply_shock,mpc_buffered,21,5,72317.7,0.8230316409124356,0.6743801652892562,2718,2237,104,5284.0,50235.0,0.27115526122148637,0,0,0.01752660151004423,0.13780467142870684,670,320,d73539860729d08af51793a4c6754710af86d90681d44005e968452965ca3b9a,241724.0,105105.0,11006.8,2470.0,1675.5,4198.0,251,1778,150
106,supply_shock,mpc_safety,21,5,68404.2,0.8325974981604121,0.75,2718,2263,43,2384.0,50235.0,0.27115526122148637,0,1,0.01998898537959323,0.21977060476187726,720,370,d73539860729d08af51793a4c6754710af86d90681d44005e968452965ca3b9a,241194.0,101880.0,13935.0,3230.0,1612.8,4281.0,847,1188,175
107,supply_shock,base_stock,21,5,69149.2,0.8894383610031791,0.8227360308285164,2831,2518,78,4348.0,50235.0,0.32673966796185094,0,0,0.0,0.0,0,0,317b2f7f48fc5f021d7af2737fbd8e6c5ecf33aaffc635b3fb6f6ce6fd1bfb7e,268646.0,124335.0,20895.2,3650.0,1404.6,3325.0,837,1465,200
107,supply_shock,mpc,21,5,68595.8,0.7898269162839986,0.6396396396396397,2831,2236,78,4348.0,50235.0,0.32673966796185094,0,0,0.01669050990845207,0.037339771429417724,670,320,317b2f7f48fc5f021d7af2737fbd8e6c5ecf33aaffc635b3fb6f6ce6fd1bfb7e,239545.0,103230.0,11826.4,3234.0,1147.8,5624.0,344,1685,186
107,supply_shock,mpc_buffered,21,5,73856.2,0.8262098198516425,0.6921921921921922,2831,2339,125,7052.0,50235.0,0.32673966796185094,0,0,0.013141562543610324,0.09147158095133602,670,320,317b2f7f48fc5f021d7af2737fbd8e6c5ecf33aaffc635b3fb6f6ce6fd1bfb7e,250800.0,113170.0,11827.4,2870.0,1433.3999999999999,4460.0,283,1858,170
107,supply_shock,mpc_safety,21,5,71461.4,0.8293889085128929,0.6876876876876877,2831,2348,67,3952.0,50235.0,0.32673966796185094,0,0,0.0187728400727482,0.20004694285792843,720,370,317b2f7f48fc5f021d7af2737fbd8e6c5ecf33aaffc635b3fb6f6ce6fd1bfb7e,249873.0,108710.0,14400.4,3176.0,1291.2,4551.0,827,1298,174
108,supply_shock,base_stock,21,5,70378.4,0.8809523809523809,0.858,2772,2442,19,1036.0,50235.0,0.2813852813852814,0,0,0.0,0.0,0,0,d755320dab8b9cf72cdadf3b8368d9fd36c3de268f4cf9147c512711ab062ac0,264412.0,116665.0,19906.6,3190.0,1860.0,3213.0,665,1514,185
108,supply_shock,mpc,21,5,69738.8,0.7821067821067821,0.6426116838487973,2772,2168,18,1000.0,50235.0,0.2813852813852814,0,0,0.0158350151575606,0.03384472380934139,670,320,d755320dab8b9cf72cdadf3b8368d9fd36c3de268f4cf9147c512711ab062ac0,235381.0,96095.0,10696.6,2990.0,1113.6,5512.0,226,1677,175
108,supply_shock,mpc_buffered,21,5,75720.2,0.8272005772005772,0.6632302405498282,2772,2293,42,2480.0,50235.0,0.2813852813852814,0,0,0.013984454776647635,0.17372609999957994,670,320,d755320dab8b9cf72cdadf3b8368d9fd36c3de268f4cf9147c512711ab062ac0,249356.0,106375.0,11171.4,2622.0,1475.3999999999999,4237.0,252,1781,158
108,supply_shock,mpc_safety,21,5,72330.90000000001,0.8210678210678211,0.6924004825090471,2772,2276,13,1040.0,50235.0,0.2813852813852814,0,0,0.01740434383759515,0.20411008571474148,720,370,d755320dab8b9cf72cdadf3b8368d9fd36c3de268f4cf9147c512711ab062ac0,245170.0,102160.0,12610.199999999999,2968.0,1488.8999999999999,4417.0,651,1360,167
109,supply_shock,base_stock,21,5,68487.6,0.8693661971830986,0.8292011019283747,2840,2469,73,3772.0,50235.0,0.30246478873239435,0,0,0.0,0.0,0,0,92ff42ccc4a8ff74102a93e2f45d6a11ca42d3346bec071a17ab5d3c60377bf6,264935.0,121795.0,20109.8,3248.0,1503.6,3328.0,720,1529,182
109,supply_shock,mpc,21,5,70236.6,0.7799295774647887,0.6235864297253635,2840,2215,94,4968.0,50235.0,0.30246478873239435,0,0,0.017530185370762116,0.08108724285730637,670,320,92ff42ccc4a8ff74102a93e2f45d6a11ca42d3346bec071a17ab5d3c60377bf6,238026.0,103005.0,10168.2,2750.0,1321.2,5278.0,147,1850,165
109,supply_shock,mpc_buffered,21,5,74093.40000000001,0.8116197183098591,0.6138933764135702,2840,2305,110,5676.0,50235.0,0.30246478873239435,0,0,0.013872020881194736,0.11667378571499805,670,320,92ff42ccc4a8ff74102a93e2f45d6a11ca42d3346bec071a17ab5d3c60377bf6,247064.0,109040.0,10872.4,2620.0,1483.2,4396.0,140,1970,160
109,supply_shock,mpc_safety,21,5,71362.9,0.8169014084507042,0.6720516962843296,2840,2320,46,2844.0,50235.0,0.30246478873239435,0,0,0.018965610988957847,0.38903990000108024,720,370,92ff42ccc4a8ff74102a93e2f45d6a11ca42d3346bec071a17ab5d3c60377bf6,246379.0,105515.0,13252.0,3004.0,1388.1,4466.0,705,1384,166
110,supply_shock,base_stock,21,5,69045.6,0.8974820143884892,0.8541666666666666,2780,2495,84,4080.0,50235.0,0.302158273381295,0,0,0.0,0.0,0,0,5adf094671822a135a8bc6096cc096d338387536a362f27eb5d3eaf77549ee8f,269053.0,124010.0,21004.6,3348.0,2407.7999999999997,3082.0,678,1583,187
110,supply_shock,mpc,21,5,69357.2,0.7902877697841727,0.6527131782945736,2780,2197,77,3784.0,50235.0,0.302158273381295,0,0,0.01557082665144493,0.1243952380952708,670,320,5adf094671822a135a8bc6096cc096d338387536a362f27eb5d3eaf77549ee8f,237822.0,101155.0,11261.4,2790.0,1352.3999999999999,5455.0,333,1631,165
110,supply_shock,mpc_buffered,21,5,73904.9,0.8223021582733813,0.662015503875969,2780,2286,129,6624.0,50235.0,0.302158273381295,0,0,0.014903692196052682,0.24470710476141125,670,320,5adf094671822a135a8bc6096cc096d338387536a362f27eb5d3eaf77549ee8f,249228.0,111625.0,11343.199999999999,2382.0,1929.8999999999999,4432.0,229,1864,143
110,supply_shock,mpc_safety,21,5,70902.9,0.8205035971223021,0.7085271317829457,2780,2281,76,3792.0,50235.0,0.302158273381295,0,0,0.019165686638495383,0.2216552952377242,720,370,5adf094671822a135a8bc6096cc096d338387536a362f27eb5d3eaf77549ee8f,246976.0,107145.0,13189.6,2874.0,1792.5,4629.0,675,1372,161
111,supply_shock,base_stock,21,5,68233.0,0.8692628650904033,0.8200371057513914,2876,2500,84,3948.0,50235.0,0.27990264255910985,0,0,0.0,0.0,0,0,1bab51538f124c84ace92efc172cf63ec1f4056bdbe5ec8ad783398574fe9425,270150.0,124895.0,21839.8,3392.0,1873.2,3630.0,780,1516,193
111,supply_shock,mpc,21,5,70553.3,0.7830319888734353,0.6125574272588055,2876,2252,70,3136.0,50235.0,0.27990264255910985,0,0,0.01984664181863346,0.03689071904781962,670,320,1bab51538f124c84ace92efc172cf63ec1f4056bdbe5ec8ad783398574fe9425,243712.0,104030.0,12351.8,2954.0,1176.9,5547.0,428,1623,171
111,supply_shock,mpc_buffered,21,5,76490.09999999999,0.8205841446453408,0.6064318529862175,2876,2360,87,4144.0,50235.0,0.27990264255910985,0,0,0.01982104470262828,0.19764152380957967,670,320,1bab51538f124c84ace92efc172cf63ec1f4056bdbe5ec8ad783398574fe9425,256176.0,112515.0,12468.0,2776.0,1506.8999999999999,4329.0,332,1844,164
111,supply_shock,mpc_safety,21,5,73530.3,0.8230180806675939,0.6477794793261868,2876,2367,55,2640.0,50235.0,0.27990264255910985,0,0,0.019326155186616834,0.31882245237994494,720,370,1bab51538f124c84ace92efc172cf63ec1f4056bdbe5ec8ad783398574fe9425,254840.0,110015.0,14871.599999999999,3036.0,1376.1,4416.0,868,1288,164
112,supply_shock,base_stock,21,5,69817.9,0.8847530422333572,0.8452950558213717,2794,2472,43,2340.0,50235.0,0.28203292770221905,0,0,0.0,0.0,0,0,9cdc81398fb1d70a33b8e496f4eb45741c7b081b064bce7ca79442d74ffefe45,266346.0,119370.0,20860.399999999998,3430.0,1841.7,3131.0,751,1485,190
112,supply_shock,mpc,21,5,69623.6,0.7823908375089478,0.6076555023923444,2794,2186,35,2404.0,50235.0,0.28203292770221905,0,0,0.013712143547289897,0.08527200952362148,670,320,9cdc81398fb1d70a33b8e496f4eb45741c7b081b064bce7ca79442d74ffefe45,235534.0,97505.0,11118.8,2798.0,1185.6,5472.0,304,1643,167
112,supply_shock,mpc_buffered,21,5,73951.9,0.8199713672154617,0.6299840510366826,2794,2291,70,4324.0,50235.0,0.28203292770221905,0,0,0.014009262023367582,0.1565189904771008,670,320,9cdc81398fb1d70a33b8e496f4eb45741c7b081b064bce7ca79442d74ffefe45,247379.0,107215.0,11585.4,2660.0,1646.7,4409.0,244,1837,160
112,supply_shock,mpc_safety,21,5,70693.1,0.8192555476020043,0.6905901116427432,2794,2289,34,2412.0,50235.0,0.28203292770221905,0,0,0.01986744685060162,0.30061680000099367,720,370,9cdc81398fb1d70a33b8e496f4eb45741c7b081b064bce7ca79442d74ffefe45,244405.0,103085.0,13553.4,3194.0,1453.5,4603.0,770,1285,176
