regime,policy,mean_paired_gain,ci95_halfwidth,relative_gain,wins,n
normal,mpc,-3418.4000000000037,912.0882330401536,-0.04160276021121462,0,12
normal,mpc_buffered,2511.6499999999955,965.8271191861128,0.030567391962466915,12,12
normal,mpc_safety,1425.0999999999938,859.8978244049023,0.017343813941318054,11,12
surge,mpc,1592.1666666666654,1696.8826496601655,0.01948278736626996,8,12
surge,mpc_buffered,8423.916666666664,1922.2785283580547,0.10308052582927522,12,12
surge,mpc_safety,5249.291666666664,1580.4562640262845,0.06423374858067595,11,12
supply_shock,mpc,641.2416666666674,978.6678931714343,0.009436197355574038,7,12
supply_shock,mpc_buffered,5659.649999999998,986.0095551684548,0.08328462908701792,12,12
supply_shock,mpc_safety,2758.7499999999986,976.0788891115221,0.04059640975922728,12,12
