regime,policy,channel,sold,demand,fill_rate
normal,base_stock,Direct,517,528,0.9791666666666666
normal,base_stock,Marketplace,829,843,0.9833926453143536
normal,base_stock,Dealers,618,629,0.9825119236883942
normal,base_stock,Flagship,354,371,0.954177897574124
normal,base_stock,Export,494,542,0.9114391143911439
normal,mpc,Direct,480,528,0.9090909090909091
normal,mpc,Marketplace,777,843,0.9217081850533808
normal,mpc,Dealers,543,629,0.863275039745628
normal,mpc,Flagship,316,371,0.8517520215633423
normal,mpc,Export,464,542,0.8560885608856088
normal,mpc_buffered,Direct,504,528,0.9545454545454546
normal,mpc_buffered,Marketplace,807,843,0.9572953736654805
normal,mpc_buffered,Dealers,569,629,0.904610492845787
normal,mpc_buffered,Flagship,350,371,0.9433962264150944
normal,mpc_buffered,Export,502,542,0.9261992619926199
normal,mpc_safety,Direct,510,528,0.9659090909090909
normal,mpc_safety,Marketplace,801,843,0.9501779359430605
normal,mpc_safety,Dealers,569,629,0.904610492845787
normal,mpc_safety,Flagship,351,371,0.9460916442048517
normal,mpc_safety,Export,516,542,0.9520295202952029
surge,base_stock,Direct,580,703,0.8250355618776671
surge,base_stock,Marketplace,891,1126,0.7912966252220248
surge,base_stock,Dealers,710,805,0.8819875776397516
surge,base_stock,Flagship,356,477,0.7463312368972747
surge,base_stock,Export,534,730,0.7315068493150685
surge,mpc,Direct,554,703,0.7880512091038406
surge,mpc,Marketplace,802,1126,0.7122557726465364
surge,mpc,Dealers,521,805,0.6472049689440994
surge,mpc,Flagship,360,477,0.7547169811320755
surge,mpc,Export,559,730,0.7657534246575343
surge,mpc_buffered,Direct,604,703,0.8591749644381224
surge,mpc_buffered,Marketplace,819,1126,0.7273534635879219
surge,mpc_buffered,Dealers,489,805,0.6074534161490683
surge,mpc_buffered,Flagship,403,477,0.8448637316561844
surge,mpc_buffered,Export,621,730,0.8506849315068493
surge,mpc_safety,Direct,599,703,0.8520625889046942
surge,mpc_safety,Marketplace,755,1126,0.6705150976909414
surge,mpc_safety,Dealers,538,805,0.6683229813664596
surge,mpc_safety,Flagship,417,477,0.8742138364779874
surge,mpc_safety,Export,637,730,0.8726027397260274
supply_shock,base_stock,Direct,475,528,0.8996212121212122
supply_shock,base_stock,Marketplace,774,843,0.9181494661921709
supply_shock,base_stock,Dealers,540,629,0.8585055643879174
supply_shock,base_stock,Flagship,300,371,0.8086253369272237
supply_shock,base_stock,Export,410,542,0.7564575645756457
supply_shock,mpc,Direct,472,528,0.8939393939393939
supply_shock,mpc,Marketplace,561,843,0.6654804270462633
supply_shock,mpc,Dealers,405,629,0.643879173290938
supply_shock,mpc,Flagship,320,371,0.862533692722372
supply_shock,mpc,Export,457,542,0.8431734317343174
supply_shock,mpc_buffered,Direct,470,528,0.8901515151515151
supply_shock,mpc_buffered,Marketplace,583,843,0.6915776986951364
supply_shock,mpc_buffered,Dealers,417,629,0.6629570747217806
supply_shock,mpc_buffered,Flagship,336,371,0.9056603773584906
supply_shock,mpc_buffered,Export,496,542,0.915129151291513
supply_shock,mpc_safety,Direct,467,528,0.884469696969697
supply_shock,mpc_safety,Marketplace,607,843,0.7200474495848161
supply_shock,mpc_safety,Dealers,442,629,0.7027027027027027
supply_shock,mpc_safety,Flagship,333,371,0.8975741239892183
supply_shock,mpc_safety,Export,502,542,0.9261992619926199
