day,demand,sold,lost,revenue,procurement,shipping,dispatch,holding,shortage_penalty,warehouse_units,channel_units,pipeline_units,orders,ground_units,express_units,active_dispatches,mass_balance_error,solver_status,solve_seconds,mip_gap,fallback,variables,constraints,integer_variables,operating_value,seed,regime,policy,supply_factor,solver_message,planning_objective,max_constraint_violation
0,151,151,0,16330.0,7160.0,1297.0,154.0,222.89999999999998,0.0,267,115,333,120,213,0,11,0,-1,0.0,,False,0,0,0,7496.1,101,normal,base_stock,1.0,,,
1,177,155,22,15693.0,8660.0,1313.4,160.0,106.5,232.0,113,76,506,135,148,6,10,0,-1,0.0,,False,0,0,0,5221.1,101,normal,base_stock,1.0,,,
2,113,113,0,11513.0,8705.0,1320.0,168.0,144.6,0.0,31,152,535,136,202,0,12,0,-1,0.0,,False,0,0,0,1175.3999999999996,101,normal,base_stock,1.0,,,
3,77,77,0,8054.0,8715.0,1083.0,98.0,221.1,0.0,39,244,493,135,127,0,7,0,-1,0.0,,False,0,0,0,-2063.1000000000004,101,normal,base_stock,1.0,,,
4,126,126,0,13034.0,1925.0,578.0,84.0,253.2,0.0,111,248,324,33,64,0,6,0,-1,0.0,,False,0,0,0,10193.8,101,normal,base_stock,1.0,,,
5,140,140,0,15782.0,6580.0,981.0,126.0,218.40000000000003,0.0,129,206,309,101,117,0,9,0,-1,0.0,,False,0,0,0,7876.6,101,normal,base_stock,1.0,,,
6,113,113,0,11535.0,8695.0,1062.0,84.0,153.0,0.0,45,177,435,126,117,0,6,0,-1,0.0,,False,0,0,0,1541.0,101,normal,base_stock,1.0,,,
7,147,147,0,15386.0,8760.0,724.0,112.0,138.9,0.0,43,149,443,125,103,0,8,0,-1,0.0,,False,0,0,0,5651.1,101,normal,base_stock,1.0,,,
8,151,151,0,16124.0,8750.0,976.0,140.0,136.2,0.0,44,145,432,137,125,0,10,0,-1,0.0,,False,0,0,0,6121.799999999999,101,normal,base_stock,1.0,,,
9,203,185,18,19639.0,8775.0,1054.0,126.0,53.7,197.0,28,53,484,129,141,0,9,0,-1,0.0,,False,0,0,0,9433.3,101,normal,base_stock,1.0,,,
10,153,150,3,15900.0,8720.0,986.4,164.0,45.9,40.0,23,52,469,129,141,1,11,0,-1,0.0,,False,0,0,0,5943.700000000001,101,normal,base_stock,1.0,,,
11,191,171,20,18507.0,8720.0,961.6,146.0,33.3,246.0,15,36,451,129,129,8,9,0,-1,0.0,,False,0,0,0,8400.1,101,normal,base_stock,1.0,,,
12,141,137,4,14359.0,8720.0,1011.5999999999999,156.0,62.4,64.0,1,72,421,129,106,37,9,0,-1,0.0,,False,0,0,0,4345.0,101,normal,base_stock,1.0,,,
13,98,96,2,9765.0,8720.0,1148.4,180.0,103.19999999999999,21.0,0,125,402,129,102,28,10,0,-1,0.0,,False,0,0,0,-407.60000000000036,101,normal,base_stock,1.0,,,
14,100,100,0,11513.0,8720.0,1077.2,156.0,112.80000000000001,0.0,0,144,412,129,98,31,9,0,-1,0.0,,False,0,0,0,1447.0,101,normal,base_stock,1.0,,,
15,158,155,3,15802.0,8720.0,957.6,150.0,85.2,27.0,0,109,421,129,126,3,10,0,-1,0.0,,False,0,0,0,5862.200000000001,101,normal,base_stock,1.0,,,
16,136,126,10,13392.0,8720.0,1013.8,188.0,88.79999999999998,112.0,0,99,434,129,122,7,12,0,-1,0.0,,False,0,0,0,3269.3999999999996,101,normal,base_stock,1.0,,,
17,128,128,0,13366.0,900.0,887.8,136.0,76.19999999999999,0.0,0,90,335,20,127,2,9,0,-1,0.0,,False,0,0,0,11366.0,101,normal,base_stock,1.0,,,
18,128,122,6,12844.0,0.0,620.5999999999999,160.0,103.8,44.0,11,110,182,0,116,2,10,0,-1,0.0,,False,0,0,0,11915.6,101,normal,base_stock,1.0,,,
19,176,170,6,18994.0,0.0,60.0,56.0,81.0,36.0,16,89,28,0,15,0,4,0,-1,0.0,,False,0,0,0,18761.0,101,normal,base_stock,1.0,,,
20,106,99,7,10588.0,0.0,340.8,120.0,25.2,78.0,0,34,0,0,0,16,5,0,-1,0.0,,False,0,0,0,10024.0,101,normal,base_stock,1.0,,,
0,151,151,0,16330.0,0.0,109.0,70.0,290.40000000000003,0.0,453,115,27,0,27,0,5,0,0,0.029423899999528658,0.00261650500942269,False,670,320,480,15860.6,101,normal,mpc,1.0,Optimization terminated successfully. (HiGHS Status 7: Optimal),-75138.4,0.0
1,177,142,35,14999.0,855.0,752.4000000000001,170.0,151.79999999999998,296.0,311,19,142,19,123,19,10,0,0,0.03265240000473568,0.003849711513149047,False,670,320,480,12773.8,101,normal,mpc,1.0,Optimization terminated successfully. (HiGHS Status 7: Optimal),-65066.1,0.0
2,113,108,5,10857.0,6245.0,689.1999999999999,180.0,113.4,64.0,169,43,259,107,133,9,10,0,0,0.0326924000037252,0.004530361966312302,False,670,320,480,3565.3999999999996,101,normal,mpc,1.0,Optimization terminated successfully. (HiGHS Status 7: Optimal),-56198.6,0.0
3,77,77,0,8054.0,7310.0,589.0,132.0,123.0,0.0,75,108,316,105,104,9,8,0,0,0.035587099999247584,0.003840261680803341,False,670,320,480,-100.0,101,normal,mpc,1.0,Optimization terminated successfully. (HiGHS Status 7: Optimal),-56015.9,0.0
4,126,124,2,12702.0,2750.0,278.0,84.0,123.9,32.0,122,88,209,44,60,0,6,0,0,0.03182750000269152,0.0033996501776249943,False,670,320,480,9434.1,101,normal,mpc,1.0,Optimization terminated successfully. (HiGHS Status 7: Optimal),-57114.7,0.0
5,140,132,8,14494.0,7155.0,587.0,156.0,73.19999999999999,100.0,116,32,254,115,95,16,9,0,0,0.030102299999271054,0.004821975756942253,False,670,320,480,6422.8,101,normal,mpc,1.0,Optimization terminated successfully. (HiGHS Status 7: Optimal),-50844.6,0.0
6,113,98,15,9871.0,8765.0,776.8000000000001,146.0,37.8,143.0,18,38,378,130,133,9,9,0,0,0.039341800002148375,0.009010407523206997,False,670,320,480,2.399999999999636,101,normal,mpc,1.0,Optimization terminated successfully. (HiGHS Status 7: Optimal),-48501.3,0.0
7,147,130,17,13553.0,6130.0,487.4,108.0,47.699999999999996,169.0,29,41,325,91,102,2,7,0,0,0.032313899995642714,0.004678033796132049,False,670,320,480,6610.9,101,normal,mpc,1.0,Optimization terminated successfully. (HiGHS Status 7: Optimal),-51505.8,0.0
8,151,137,14,14395.0,8135.0,645.5999999999999,184.0,36.599999999999994,146.0,34,21,330,127,112,13,11,0,0,0.03418899999815039,0.0061144085071453864,False,670,320,480,5247.799999999999,101,normal,mpc,1.0,Optimization terminated successfully. (HiGHS Status 7: Optimal),-48893.8,0.0
9,203,137,66,14501.0,8250.0,663.8,170.0,7.499999999999999,666.0,15,0,354,121,98,12,10,0,0,0.03785259999858681,0.006943229038456139,False,670,320,480,4743.700000000001,101,normal,mpc,1.0,Optimization terminated successfully. (HiGHS Status 7: Optimal),-46852.2,0.0
10,153,117,36,12082.0,8795.0,725.8,156.0,2.4,393.0,0,2,388,138,129,13,9,0,0,0.03341080000245711,0.012077591744110706,False,670,320,480,2009.7999999999993,101,normal,mpc,1.0,Optimization terminated successfully. (HiGHS Status 7: Optimal),-46996.5,0.0
11,191,136,55,14439.0,8795.0,604.1999999999999,156.0,0.0,625.0,0,0,392,138,116,5,9,0,0,0.04141350000281818,0.010177668335739219,False,670,320,480,4258.799999999999,101,normal,mpc,1.0,Optimization terminated successfully. (HiGHS Status 7: Optimal),-49960.3,0.0
12,141,126,15,13178.0,8765.0,797.8000000000001,180.0,19.2,171.0,0,20,376,130,108,30,10,0,0,0.033752600000298116,0.009086974020352278,False,670,320,480,3245.0,101,normal,mpc,1.0,Optimization terminated successfully. (HiGHS Status 7: Optimal),-50126.3,0.0
13,98,90,8,8995.0,8795.0,702.6,170.0,51.60000000000001,89.0,0,57,387,138,119,19,10,0,0,0.4342610000021523,0.0008695142402619269,False,670,320,480,-813.2000000000007,101,normal,mpc,1.0,Optimization terminated successfully. (HiGHS Status 7: Optimal),-50718.799999999996,1.8829382497642655e-13
14,100,100,0,11513.0,8740.0,731.0,184.0,79.19999999999999,0.0,8,93,381,138,105,17,11,0,0,0.03613220000261208,0.010011195928577481,False,670,320,480,1778.7999999999993,101,normal,mpc,1.0,Optimization terminated successfully. (HiGHS Status 7: Optimal),-55325.2,0.0
15,158,157,1,16090.0,8795.0,522.0,132.0,51.599999999999994,9.0,45,44,352,116,95,6,8,0,0,0.03312650000589201,0.007147862997046302,False,670,320,480,6580.4,101,normal,mpc,1.0,Optimization terminated successfully. (HiGHS Status 7: Optimal),-57086.6,0.0
16,136,123,13,13028.0,8795.0,819.4,156.0,49.19999999999999,142.0,39,44,373,138,119,25,9,0,0,0.03353699999570381,0.006975687341565297,False,670,320,480,3066.3999999999996,101,normal,mpc,1.0,Optimization terminated successfully. (HiGHS Status 7: Optimal),-54827.7,0.0
17,128,125,3,12999.0,6065.0,538.8,118.0,54.9,26.0,41,40,342,92,112,2,7,0,0,0.025198299998010043,0.002892332408574473,False,538,258,384,6196.3,101,normal,mpc,1.0,Optimization terminated successfully. (HiGHS Status 7: Optimal),-50064.3,0.0
18,128,121,7,12658.0,0.0,621.5999999999999,118.0,56.4,48.0,55,38,209,0,117,7,7,0,0,0.02449190000334056,0.002909006961534459,False,406,196,288,11814.0,101,normal,mpc,1.0,Optimization terminated successfully. (HiGHS Status 7: Optimal),-42492.0,0.0
19,176,147,29,16246.0,0.0,503.0,132.0,30.0,318.0,47,15,93,0,93,7,8,0,0,0.01540200000454206,0.003323801459996182,False,274,134,192,15263.0,101,normal,mpc,1.0,Optimization terminated successfully. (HiGHS Status 7: Optimal),-28908.6,0.0
20,106,102,4,10721.0,0.0,227.99999999999994,96.0,31.799999999999994,64.0,29,24,0,0,0,18,4,0,0,0.015570499999739695,0.004225582858194455,False,142,72,96,10301.2,101,normal,mpc,1.0,Optimization terminated successfully. (HiGHS Status 7: Optimal),-14126.2,0.0
0,151,151,0,16330.0,0.0,265.0,84.0,276.0,0.0,418,115,62,0,62,0,6,0,0,0.032325799998943694,0.003486893849205244,False,670,320,480,15705.0,101,normal,mpc_buffered,1.0,Optimization terminated successfully. (HiGHS Status 7: Optimal),-79210.9,0.0
1,177,153,24,16025.0,4970.0,714.0,156.0,153.29999999999998,186.0,275,38,215,86,129,14,9,0,0,0.037357699999120086,0.003635388951627388,False,670,320,480,9845.7,101,normal,mpc_buffered,1.0,Optimization terminated successfully. (HiGHS Status 7: Optimal),-68753.5,0.0
2,113,111,2,11181.0,8740.0,801.6,170.0,113.1,32.0,113,70,372,138,148,14,10,0,0,0.03675230000226293,0.006191366136878025,False,670,320,480,1324.2999999999993,101,normal,mpc_buffered,1.0,Optimization terminated successfully. (HiGHS Status 7: Optimal),-63353.2,0.0
3,77,77,0,8054.0,8160.0,537.4,94.0,159.89999999999998,0.0,89,147,361,119,104,6,6,0,0,0.03637130000424804,0.0022971937240105927,False,670,320,480,-897.2999999999993,101,normal,mpc_buffered,1.0,Optimization terminated successfully. (HiGHS Status 7: Optimal),-65627.9,0.0
4,126,126,0,13034.0,2815.0,289.0,84.0,173.1,0.0,165,125,224,43,62,0,6,0,0,0.03827860000455985,0.002613092070250056,False,670,320,480,9672.9,101,normal,mpc_buffered,1.0,Optimization terminated successfully. (HiGHS Status 7: Optimal),-67644.0,0.0
5,140,139,1,15600.0,6740.0,555.8,132.0,119.4,16.0,174,60,248,107,98,12,8,0,0,0.03356480000365991,0.0037541042101091405,False,670,320,480,8036.8,101,normal,mpc_buffered,1.0,Optimization terminated successfully. (HiGHS Status 7: Optimal),-61095.8,0.0
6,113,102,11,10323.0,8710.0,857.8,156.0,81.9,105.0,68,68,374,130,137,12,9,0,0,0.03205120000347961,0.009344364658132966,False,670,320,480,412.2999999999993,101,normal,mpc_buffered,1.0,Optimization terminated successfully. (HiGHS Status 7: Optimal),-57654.0,0.0
7,147,146,1,15250.0,7610.0,516.6,132.0,82.5,12.0,67,62,343,108,105,3,8,0,0,0.03268279999610968,0.0038196382802964733,False,670,320,480,6896.9,101,normal,mpc_buffered,1.0,Optimization terminated successfully. (HiGHS Status 7: Optimal),-60299.0,0.0
8,151,145,6,15262.0,8740.0,894.6,184.0,44.4,74.0,20,39,406,138,160,17,11,0,0,0.03905589999340009,0.005462711404141648,False,670,320,480,5325.0,101,normal,mpc_buffered,1.0,Optimization terminated successfully. (HiGHS Status 7: Optimal),-57928.9,0.0
9,203,174,29,18844.0,8775.0,641.6,136.0,38.7,247.0,18,31,371,129,102,8,9,0,0,0.050437600002624094,0.006163583130796464,False,670,320,480,9005.7,101,normal,mpc_buffered,1.0,Optimization terminated successfully. (HiGHS Status 7: Optimal),-56342.4,0.0
10,153,139,14,14589.0,8795.0,799.4,108.0,13.799999999999999,141.0,5,11,403,138,134,17,7,0,0,0.4896515000000363,0.0008539381638314671,False,670,320,480,4731.799999999999,101,normal,mpc_buffered,1.0,Optimization terminated successfully. (HiGHS Status 7: Optimal),-54095.80000000002,1.1013412404281553e-13
11,191,157,34,16974.0,8740.0,742.4000000000001,156.0,1.7999999999999998,394.0,0,2,398,138,122,12,9,0,0,0.03792490000341786,0.010093639654872337,False,670,320,480,6939.799999999999,101,normal,mpc_buffered,1.0,Optimization terminated successfully. (HiGHS Status 7: Optimal),-54570.0,0.0
12,141,122,19,12497.0,8795.0,675.2,156.0,35.99999999999999,228.0,11,30,375,138,99,28,9,0,0,0.39858059999824036,0.0017098871365514182,False,670,320,480,2606.7999999999993,101,normal,mpc_buffered,1.0,Optimization terminated successfully. (HiGHS Status 7: Optimal),-52059.2000000081,1.0998491006830591e-10
13,98,87,11,9070.0,8760.0,730.4,146.0,43.2,76.0,1,53,411,136,137,11,9,0,0,0.03936009999597445,0.008855749817119184,False,670,320,480,-685.6000000000004,101,normal,mpc_buffered,1.0,Optimization terminated successfully. (HiGHS Status 7: Optimal),-53550.7,0.0
14,100,100,0,11513.0,8740.0,683.6,156.0,77.39999999999999,0.0,2,98,403,138,129,8,9,0,0,0.04334589999780292,0.010191449238291619,False,670,320,480,1856.0,101,normal,mpc_buffered,1.0,Optimization terminated successfully. (HiGHS Status 7: Optimal),-58536.1,0.0
15,158,157,1,16098.0,8770.0,488.4,122.0,66.6,12.0,41,71,358,124,96,1,8,0,0,0.03730630000063684,0.006476262238168766,False,670,320,480,6639.0,101,normal,mpc_buffered,1.0,Optimization terminated successfully. (HiGHS Status 7: Optimal),-60425.2,0.0
16,136,129,7,13827.0,8795.0,788.3999999999999,146.0,55.8,63.0,34,57,388,138,126,19,9,0,0,0.035096100000373553,0.00791689705463928,False,670,320,480,3978.7999999999993,101,normal,mpc_buffered,1.0,Optimization terminated successfully. (HiGHS Status 7: Optimal),-57755.6,0.0
17,128,128,0,13366.0,8770.0,719.5999999999999,170.0,65.69999999999999,0.0,33,66,376,124,111,14,10,0,0,0.03171679999650223,0.006077206148333531,False,538,258,384,3640.7000000000007,101,normal,mpc_buffered,1.0,Optimization terminated successfully. (HiGHS Status 7: Optimal),-52722.3,0.0
18,128,127,1,13194.0,1100.0,668.0,142.0,65.1,6.0,41,62,256,11,121,9,8,0,0,0.020823200000450015,0.0042996096564604114,False,406,196,288,11212.9,101,normal,mpc_buffered,1.0,Optimization terminated successfully. (HiGHS Status 7: Optimal),-47776.5,0.0
19,176,157,19,17196.0,0.0,597.8,156.0,42.599999999999994,220.0,52,34,116,0,105,8,9,0,0,0.017513099999632686,0.006858426745674146,False,274,134,192,16179.6,101,normal,mpc_buffered,1.0,Optimization terminated successfully. (HiGHS Status 7: Optimal),-33716.8,0.0
20,106,105,1,11251.0,0.0,189.6,120.0,58.199999999999996,16.0,48,49,0,0,0,15,5,0,0,0.047439900001336355,0.005204493671308971,False,142,72,96,10867.2,101,normal,mpc_buffered,1.0,Optimization terminated successfully. (HiGHS Status 7: Optimal),-17561.6,0.0
0,151,151,0,16330.0,100.0,576.0,98.0,249.3,0.0,355,115,126,1,125,0,7,0,0,0.03696689999924274,0.0039566180091849396,False,720,370,480,15306.7,101,normal,mpc_safety,1.0,Optimization terminated successfully. (HiGHS Status 7: Optimal),-74925.1,0.0
1,177,169,8,17242.0,2135.0,702.6,156.0,164.7,63.0,209,83,180,45,134,12,9,0,0,0.03919769999629352,0.005592747498289377,False,720,370,480,14020.7,101,normal,mpc_safety,1.0,Optimization terminated successfully. (HiGHS Status 7: Optimal),-65341.0,0.0
2,113,113,0,11513.0,8640.0,854.0,170.0,136.2,0.0,41,134,321,137,139,30,10,0,0,0.03816799999913201,0.007443029769041919,False,720,370,480,1712.7999999999993,101,normal,mpc_safety,1.0,Optimization terminated successfully. (HiGHS Status 7: Optimal),-55710.8,0.0
3,77,77,0,8054.0,7700.0,473.4,122.0,168.60000000000002,0.0,3,203,334,121,76,7,8,0,0,0.040747500002908055,0.009231736724086436,False,720,370,480,-410.0,101,normal,mpc_safety,1.0,Optimization terminated successfully. (HiGHS Status 7: Optimal),-57547.1,0.0
4,126,124,2,12702.0,3250.0,427.79999999999995,118.0,161.4,32.0,47,164,254,49,84,9,7,0,0,0.03544469999906141,0.004037624764352741,False,720,370,480,8712.8,101,normal,mpc_safety,1.0,Optimization terminated successfully. (HiGHS Status 7: Optimal),-59581.1,0.0
5,140,140,0,15782.0,7655.0,556.8,108.0,118.19999999999999,0.0,57,121,267,120,98,13,7,0,0,0.03558999999950174,0.006012211810029989,False,720,370,480,7344.0,101,normal,mpc_safety,1.0,Optimization terminated successfully. (HiGHS Status 7: Optimal),-53789.2,0.0
6,113,104,9,10363.0,8765.0,559.8000000000001,132.0,95.39999999999998,83.0,0,119,352,130,102,4,8,0,0,0.036798900000576396,0.007221501947346131,False,720,370,480,727.7999999999993,101,normal,mpc_safety,1.0,Optimization terminated successfully. (HiGHS Status 7: Optimal),-50774.7,0.0
7,147,140,7,14342.0,7345.0,564.0,132.0,76.2,92.0,0,91,347,107,110,10,8,0,0,0.038771100000303704,0.0076293662522778265,False,720,370,480,6132.799999999999,101,normal,mpc_safety,1.0,Optimization terminated successfully. (HiGHS Status 7: Optimal),-53157.4,0.0
8,151,148,3,15578.0,8140.0,717.1999999999999,218.0,59.4,48.0,0,78,344,132,105,25,12,0,0,0.035842800003592856,0.011848280705690746,False,720,370,480,6395.4,101,normal,mpc_safety,1.0,Optimization terminated successfully. (HiGHS Status 7: Optimal),-51132.9,0.0
9,203,183,20,19230.0,8765.0,707.6,180.0,25.2,210.0,0,33,336,130,74,33,10,0,0,0.035415599995758384,0.010517257127461958,False,720,370,480,9342.2,101,normal,mpc_safety,1.0,Optimization terminated successfully. (HiGHS Status 7: Optimal),-48300.7,0.0
10,153,133,20,14338.0,8795.0,809.6,156.0,18.0,180.0,0,27,347,138,79,53,9,0,0,0.03585210000164807,0.010044506426301853,False,720,370,480,4379.4,101,normal,mpc_safety,1.0,Optimization terminated successfully. (HiGHS Status 7: Optimal),-44880.8,0.0
11,191,149,42,15172.0,8740.0,908.6,204.0,6.0,534.0,0,10,353,138,77,53,11,0,0,0.039636800000153016,0.011596019460221263,False,720,370,480,4779.4,101,normal,mpc_safety,1.0,Optimization terminated successfully. (HiGHS Status 7: Optimal),-45495.7,0.0
12,141,120,21,12195.0,8795.0,942.8,194.0,34.49999999999999,256.0,1,45,335,138,59,78,11,0,0,0.0417139000055613,0.011030298032673521,False,720,370,480,1972.7000000000007,101,normal,mpc_safety,1.0,Optimization terminated successfully. (HiGHS Status 7: Optimal),-45043.0,0.0
13,98,88,10,9229.0,8795.0,889.0,180.0,61.2,61.0,0,78,353,138,77,62,10,0,0,0.037092099999426864,0.01433856575207177,False,720,370,480,-757.2000000000007,101,normal,mpc_safety,1.0,Optimization terminated successfully. (HiGHS Status 7: Optimal),-46581.7,0.0
14,100,100,0,11513.0,8740.0,793.4,180.0,72.0,0.0,0,95,374,138,98,40,10,0,0,0.038819000001240056,0.010034834990017278,False,720,370,480,1727.6000000000004,101,normal,mpc_safety,1.0,Optimization terminated successfully. (HiGHS Status 7: Optimal),-51607.9,0.0
15,158,154,4,15682.0,8800.0,760.4,132.0,50.4,45.0,0,69,367,121,108,30,8,0,0,0.8164328000057139,0.0021122430174835153,False,720,370,480,5894.200000000001,101,normal,mpc_safety,1.0,Optimization terminated successfully. (HiGHS Status 7: Optimal),-53877.0,1.1967516833271786e-13
16,136,133,3,13928.0,8795.0,751.5999999999999,180.0,50.4,41.0,0,71,370,138,111,27,10,0,0,0.03680299999541603,0.007569891424866026,False,720,370,480,4110.0,101,normal,mpc_safety,1.0,Optimization terminated successfully. (HiGHS Status 7: Optimal),-51864.7,0.0
17,128,125,3,12934.0,7445.0,772.5999999999999,204.0,55.8,27.0,0,77,347,108,101,20,11,0,0,0.03429579999647103,0.00827929272565501,False,578,298,384,4429.6,101,normal,mpc_safety,1.0,Optimization terminated successfully. (HiGHS Status 7: Optimal),-47158.1,0.0
18,128,127,1,13112.0,0.0,795.6,156.0,81.29999999999998,9.0,11,98,188,0,80,47,9,0,0,0.022807199995440897,0.005526952357905182,False,436,226,288,12070.1,101,normal,mpc_safety,1.0,Optimization terminated successfully. (HiGHS Status 7: Optimal),-42000.4,0.0
19,176,167,9,18352.0,0.0,413.2,156.0,36.0,120.0,43,24,63,0,63,13,9,0,0,0.01783850000356324,0.006213499277102094,False,294,154,192,17626.8,101,normal,mpc_safety,1.0,Optimization terminated successfully. (HiGHS Status 7: Optimal),-28652.5,0.0
20,106,102,4,10721.0,0.0,571.1999999999999,216.0,21.599999999999998,64.0,5,23,0,0,0,38,9,0,0,0.015370699999039061,0.00989130790887971,False,152,82,96,9848.2,101,normal,mpc_safety,1.0,Optimization terminated successfully. (HiGHS Status 7: Optimal),-12421.2,0.0
0,151,151,0,16330.0,7160.0,1297.0,154.0,222.89999999999998,0.0,267,115,333,120,213,0,11,0,-1,0.0,,False,0,0,0,7496.1,101,surge,base_stock,1.0,,,
1,177,155,22,15693.0,8660.0,1313.4,160.0,106.5,232.0,113,76,506,135,148,6,10,0,-1,0.0,,False,0,0,0,5221.1,101,surge,base_stock,1.0,,,
2,113,113,0,11513.0,8705.0,1320.0,168.0,144.6,0.0,31,152,535,136,202,0,12,0,-1,0.0,,False,0,0,0,1175.3999999999996,101,surge,base_stock,1.0,,,
3,77,77,0,8054.0,8715.0,1083.0,98.0,221.1,0.0,39,244,493,135,127,0,7,0,-1,0.0,,False,0,0,0,-2063.1000000000004,101,surge,base_stock,1.0,,,
4,126,126,0,13034.0,1925.0,578.0,84.0,253.2,0.0,111,248,324,33,64,0,6,0,-1,0.0,,False,0,0,0,10193.8,101,surge,base_stock,1.0,,,
5,140,140,0,15782.0,6580.0,981.0,126.0,218.40000000000003,0.0,129,206,309,101,117,0,9,0,-1,0.0,,False,0,0,0,7876.6,101,surge,base_stock,1.0,,,
6,113,113,0,11535.0,8695.0,1062.0,84.0,153.0,0.0,45,177,435,126,117,0,6,0,-1,0.0,,False,0,0,0,1541.0,101,surge,base_stock,1.0,,,
7,175,175,0,18405.0,8760.0,724.0,112.0,114.89999999999999,0.0,43,121,443,125,103,0,8,0,-1,0.0,,False,0,0,0,8694.1,101,surge,base_stock,1.0,,,
8,235,214,21,23003.0,8720.0,1102.0,112.0,49.49999999999999,237.0,23,54,445,129,146,0,8,0,-1,0.0,,False,0,0,0,12782.5,101,surge,base_stock,1.0,,,
9,268,175,93,17832.0,8720.0,916.6,160.0,4.8,1021.0,4,4,468,129,135,9,10,0,-1,0.0,,False,0,0,0,7009.6,101,surge,base_stock,1.0,,,
10,197,161,36,18077.0,8720.0,1099.8000000000002,208.0,15.599999999999998,357.0,0,25,419,129,117,16,12,0,-1,0.0,,False,0,0,0,7676.6,101,surge,base_stock,1.0,,,
11,266,186,80,19022.0,8720.0,1282.1999999999998,176.0,6.6,867.0,0,10,377,129,63,66,9,0,-1,0.0,,False,0,0,0,7970.200000000001,101,surge,base_stock,1.0,,,
12,234,181,53,19471.0,8720.0,1516.6,258.0,21.6,479.0,0,18,317,129,14,115,12,0,-1,0.0,,False,0,0,0,8475.8,101,surge,base_stock,1.0,,,
13,125,118,7,12873.0,8720.0,1504.3999999999999,244.0,54.0,70.0,0,70,276,129,15,114,11,0,-1,0.0,,False,0,0,0,2280.6000000000004,101,surge,base_stock,1.0,,,
14,137,137,0,14382.0,8720.0,1816.9999999999998,268.0,54.599999999999994,0.0,0,65,273,129,7,122,12,0,-1,0.0,,False,0,0,0,3522.3999999999996,101,surge,base_stock,1.0,,,
15,228,182,46,19807.0,8720.0,1566.7999999999997,306.0,8.399999999999999,353.0,0,10,275,129,14,115,14,0,-1,0.0,,False,0,0,0,8852.800000000001,101,surge,base_stock,1.0,,,
16,233,152,81,16635.0,8720.0,1579.1999999999998,240.0,4.8,725.0,0,4,258,129,0,129,10,0,-1,0.0,,False,0,0,0,5366.0,101,surge,base_stock,1.0,,,
17,185,116,69,12587.0,8720.0,1773.6,240.0,12.0,678.0,0,17,258,129,0,129,10,0,-1,0.0,,False,0,0,0,1163.3999999999996,101,surge,base_stock,1.0,,,
18,195,132,63,13525.0,8720.0,1766.3999999999999,264.0,13.799999999999999,504.0,0,14,258,129,0,129,11,0,-1,0.0,,False,0,0,0,2256.7999999999993,101,surge,base_stock,1.0,,,
19,263,141,122,15277.0,0.0,1963.2,240.0,1.2,1359.0,0,2,129,0,0,129,10,0,-1,0.0,,False,0,0,0,11713.6,101,surge,base_stock,1.0,,,
20,203,126,77,13585.0,0.0,1826.3999999999999,264.0,3.0,701.0,0,5,0,0,0,129,11,0,-1,0.0,,False,0,0,0,10790.6,101,surge,base_stock,1.0,,,
0,151,151,0,16330.0,0.0,109.0,70.0,290.40000000000003,0.0,453,115,27,0,27,0,5,0,0,0.033786699998017866,0.00261650500942269,False,670,320,480,15860.6,101,surge,mpc,1.0,Optimization terminated successfully. (HiGHS Status 7: Optimal),-75138.4,0.0
1,177,142,35,14999.0,855.0,752.4000000000001,170.0,151.79999999999998,296.0,311,19,142,19,123,19,10,0,0,0.034969699998328,0.003849711513149047,False,670,320,480,12773.8,101,surge,mpc,1.0,Optimization terminated successfully. (HiGHS Status 7: Optimal),-65066.1,0.0
2,113,108,5,10857.0,6245.0,689.1999999999999,180.0,113.4,64.0,169,43,259,107,133,9,10,0,0,0.037045600001874845,0.004530361966312302,False,670,320,480,3565.3999999999996,101,surge,mpc,1.0,Optimization terminated successfully. (HiGHS Status 7: Optimal),-56198.6,0.0
3,77,77,0,8054.0,7310.0,589.0,132.0,123.0,0.0,75,108,316,105,104,9,8,0,0,0.039411999998264946,0.003840261680803341,False,670,320,480,-100.0,101,surge,mpc,1.0,Optimization terminated successfully. (HiGHS Status 7: Optimal),-56015.9,0.0
4,126,124,2,12702.0,2750.0,278.0,84.0,123.9,32.0,122,88,209,44,60,0,6,0,0,0.03892430000269087,0.0033996501776249943,False,670,320,480,9434.1,101,surge,mpc,1.0,Optimization terminated successfully. (HiGHS Status 7: Optimal),-57114.7,0.0
5,140,132,8,14494.0,7155.0,587.0,156.0,73.19999999999999,100.0,116,32,254,115,95,16,9,0,0,0.039216699995449744,0.004821975756942253,False,670,320,480,6422.8,101,surge,mpc,1.0,Optimization terminated successfully. (HiGHS Status 7: Optimal),-50844.6,0.0
6,113,98,15,9871.0,8765.0,776.8000000000001,146.0,37.8,143.0,18,38,378,130,133,9,9,0,0,0.04380819999641972,0.009010407523206997,False,670,320,480,2.399999999999636,101,surge,mpc,1.0,Optimization terminated successfully. (HiGHS Status 7: Optimal),-48501.3,0.0
7,175,150,25,15841.0,6130.0,487.4,108.0,28.5,227.0,29,21,325,91,102,2,7,0,0,0.03724350000265986,0.004678033796132049,False,670,320,480,8860.1,101,surge,mpc,1.0,Optimization terminated successfully. (HiGHS Status 7: Optimal),-51505.8,0.0
8,235,143,92,15150.0,8740.0,749.0,194.0,9.299999999999999,933.0,19,2,349,138,120,20,11,0,0,0.04603259999566944,0.011018629411286392,False,670,320,480,4524.700000000001,101,surge,mpc,1.0,Optimization terminated successfully. (HiGHS Status 7: Optimal),-47032.9,0.0
9,268,131,137,13589.0,8795.0,586.0000000000001,146.0,0.0,1407.0,0,0,377,138,101,9,9,0,0,0.04908920000161743,0.011753193615087358,False,670,320,480,2655.0,101,surge,mpc,1.0,Optimization terminated successfully. (HiGHS Status 7: Optimal),-46232.5,0.0
10,197,133,64,14364.0,8785.0,829.0,156.0,1.7999999999999998,714.0,0,3,369,128,103,35,9,0,0,0.04960700000083307,0.012632695956473176,False,670,320,480,3878.2000000000007,101,surge,mpc,1.0,Optimization terminated successfully. (HiGHS Status 7: Optimal),-47823.4,0.0
11,266,146,120,15582.0,8740.0,1039.1999999999998,218.0,2.0999999999999996,1187.0,2,1,361,138,95,41,12,0,0,0.05754969999543391,0.011699355405018087,False,670,320,480,4395.700000000001,101,surge,mpc,1.0,Optimization terminated successfully. (HiGHS Status 7: Optimal),-48622.8,0.0
12,234,124,110,13223.0,8795.0,786.5999999999999,194.0,3.8999999999999995,977.0,7,0,371,138,92,31,11,0,0,0.040121099998941645,0.011060379145685558,False,670,320,480,2466.5,101,surge,mpc,1.0,Optimization terminated successfully. (HiGHS Status 7: Optimal),-47865.1,0.0
13,125,93,32,10475.0,8740.0,850.8,194.0,23.4,244.0,1,33,389,138,112,32,11,0,0,0.03964380000252277,0.01410073769555523,False,670,320,480,422.7999999999993,101,surge,mpc,1.0,Optimization terminated successfully. (HiGHS Status 7: Optimal),-49459.5,0.0
14,137,103,34,10812.0,8740.0,718.1999999999999,136.0,50.4,297.0,4,63,391,138,115,20,9,0,0,0.03998890000366373,0.008051397399105412,False,670,320,480,870.3999999999996,101,surge,mpc,1.0,Optimization terminated successfully. (HiGHS Status 7: Optimal),-54150.6,0.0
15,228,146,82,15533.0,8795.0,669.4,122.0,29.4,676.0,2,36,412,138,133,7,8,0,0,0.044282899994868785,0.010079593601753612,False,670,320,480,5241.200000000001,101,surge,mpc,1.0,Optimization terminated successfully. (HiGHS Status 7: Optimal),-57624.7,0.0
16,233,170,63,17709.0,8740.0,585.0,84.0,6.0,607.0,12,2,404,138,128,0,6,0,0,0.9802611999984947,0.0027342657723175593,False,670,320,480,7687.0,101,surge,mpc,1.0,Optimization terminated successfully. (HiGHS Status 7: Optimal),-56466.4,0.0
17,185,113,72,12525.0,8780.0,725.6,132.0,22.799999999999997,609.0,0,28,411,134,139,11,8,0,0,0.08834759999444941,0.007444929969727956,False,538,258,384,2255.6000000000004,101,surge,mpc,1.0,Optimization terminated successfully. (HiGHS Status 7: Optimal),-48600.4,0.0
18,195,167,28,16917.0,8470.0,891.9999999999999,170.0,27.6,196.0,1,29,352,110,108,29,10,0,0,0.025141700003587175,0.008762935045843894,False,406,196,288,7161.4,101,surge,mpc,1.0,Optimization terminated successfully. (HiGHS Status 7: Optimal),-45561.0,0.0
19,263,181,82,19226.0,0.0,952.4,204.0,1.5,949.0,1,2,198,0,87,47,11,0,0,0.019794799998635426,0.004516404038869727,False,274,134,192,17119.1,101,surge,mpc,1.0,Optimization terminated successfully. (HiGHS Status 7: Optimal),-36633.5,0.0
20,203,164,39,17051.0,0.0,935.9999999999998,168.0,20.7,423.0,30,7,0,0,0,81,7,0,0,0.015812999998161104,0.00434133115827372,False,142,72,96,15503.3,101,surge,mpc,1.0,Optimization terminated successfully. (HiGHS Status 7: Optimal),-18614.9,0.0
0,151,151,0,16330.0,0.0,265.0,84.0,276.0,0.0,418,115,62,0,62,0,6,0,0,0.036506199998257216,0.003486893849205244,False,670,320,480,15705.0,101,surge,mpc_buffered,1.0,Optimization terminated successfully. (HiGHS Status 7: Optimal),-79210.9,0.0
1,177,153,24,16025.0,4970.0,714.0,156.0,153.29999999999998,186.0,275,38,215,86,129,14,9,0,0,0.04201190000458155,0.003635388951627388,False,670,320,480,9845.7,101,surge,mpc_buffered,1.0,Optimization terminated successfully. (HiGHS Status 7: Optimal),-68753.5,0.0
2,113,111,2,11181.0,8740.0,801.6,170.0,113.1,32.0,113,70,372,138,148,14,10,0,0,0.04209439999976894,0.006191366136878025,False,670,320,480,1324.2999999999993,101,surge,mpc_buffered,1.0,Optimization terminated successfully. (HiGHS Status 7: Optimal),-63353.2,0.0
3,77,77,0,8054.0,8160.0,537.4,94.0,159.89999999999998,0.0,89,147,361,119,104,6,6,0,0,0.04400720000558067,0.0022971937240105927,False,670,320,480,-897.2999999999993,101,surge,mpc_buffered,1.0,Optimization terminated successfully. (HiGHS Status 7: Optimal),-65627.9,0.0
4,126,126,0,13034.0,2815.0,289.0,84.0,173.1,0.0,165,125,224,43,62,0,6,0,0,0.04306139999971492,0.002613092070250056,False,670,320,480,9672.9,101,surge,mpc_buffered,1.0,Optimization terminated successfully. (HiGHS Status 7: Optimal),-67644.0,0.0
5,140,139,1,15600.0,6740.0,555.8,132.0,119.4,16.0,174,60,248,107,98,12,8,0,0,0.03668909999396419,0.0037541042101091405,False,670,320,480,8036.8,101,surge,mpc_buffered,1.0,Optimization terminated successfully. (HiGHS Status 7: Optimal),-61095.8,0.0
6,113,102,11,10323.0,8710.0,857.8,156.0,81.9,105.0,68,68,374,130,137,12,9,0,0,0.036090100002184045,0.009344364658132966,False,670,320,480,412.2999999999993,101,surge,mpc_buffered,1.0,Optimization terminated successfully. (HiGHS Status 7: Optimal),-57654.0,0.0
7,175,167,8,17652.0,7610.0,516.6,132.0,62.69999999999999,72.0,67,41,343,108,105,3,8,0,0,0.03908489999594167,0.0038196382802964733,False,670,320,480,9258.7,101,surge,mpc_buffered,1.0,Optimization terminated successfully. (HiGHS Status 7: Optimal),-60299.0,0.0
8,235,162,73,17242.0,8740.0,901.2,222.0,15.899999999999999,739.0,33,4,390,138,144,20,13,0,0,0.03576759999850765,0.0076402567572307735,False,670,320,480,6623.9,101,surge,mpc_buffered,1.0,Optimization terminated successfully. (HiGHS Status 7: Optimal),-56244.1,0.0
9,268,153,115,16027.0,8740.0,724.4,156.0,1.7999999999999998,1177.0,6,0,406,138,125,10,9,0,0,0.0336574999964796,0.007923716590412211,False,670,320,480,5227.799999999999,101,surge,mpc_buffered,1.0,Optimization terminated successfully. (HiGHS Status 7: Optimal),-54221.6,0.0
10,197,153,44,16788.0,8800.0,937.0,166.0,5.3999999999999995,492.0,0,8,383,132,113,31,9,0,0,0.5011316000018269,0.002543710251573948,False,670,320,480,6387.6,101,surge,mpc_buffered,1.0,Optimization terminated successfully. (HiGHS Status 7: Optimal),-53650.4,7.105427357601002e-15
11,266,134,132,14144.0,8795.0,779.3999999999999,170.0,6.3,1210.0,7,3,385,138,115,16,10,0,0,0.03699849999975413,0.012844643318852492,False,670,320,480,3183.2999999999993,101,surge,mpc_buffered,1.0,Optimization terminated successfully. (HiGHS Status 7: Optimal),-51196.3,0.0
12,234,150,84,16765.0,8740.0,888.5999999999999,156.0,6.0,721.0,10,3,370,138,86,43,9,0,0,0.03829769999720156,0.010171888923655035,False,670,320,480,6253.4,101,surge,mpc_buffered,1.0,Optimization terminated successfully. (HiGHS Status 7: Optimal),-51965.3,0.0
13,125,64,61,8043.0,8740.0,705.6,180.0,39.89999999999999,427.0,17,44,396,138,108,23,10,0,0,0.037730700001702644,0.011264302249500962,False,670,320,480,-2049.5,101,surge,mpc_buffered,1.0,Optimization terminated successfully. (HiGHS Status 7: Optimal),-50181.5,0.0
14,137,88,49,9226.0,8795.0,743.4,122.0,70.2,411.0,0,87,420,138,143,12,8,0,0,0.035722699998586904,0.006508129340828456,False,670,320,480,-915.6000000000004,101,surge,mpc_buffered,1.0,Optimization terminated successfully. (HiGHS Status 7: Optimal),-57624.1,0.0
15,228,172,56,17133.0,8740.0,511.0,98.0,63.3,545.0,25,59,389,138,113,0,7,0,0,0.03573419999884209,0.006618028091118341,False,670,320,480,7175.700000000001,101,surge,mpc_buffered,1.0,Optimization terminated successfully. (HiGHS Status 7: Optimal),-63161.1,0.0
16,233,160,73,17409.0,8740.0,624.4,122.0,22.5,588.0,17,13,421,138,145,1,8,0,0,0.039337000001978595,0.008045666085695779,False,670,320,480,7312.1,101,surge,mpc_buffered,1.0,Optimization terminated successfully. (HiGHS Status 7: Optimal),-59940.7,0.0
17,185,128,57,12914.0,8740.0,781.8,194.0,41.7,542.0,4,46,411,138,135,16,11,0,0,0.08843009999691276,0.009247547111501183,False,538,258,384,2614.5,101,surge,mpc_buffered,1.0,Optimization terminated successfully. (HiGHS Status 7: Optimal),-52818.0,0.0
18,195,150,45,15096.0,8765.0,831.8000000000001,194.0,51.0,344.0,0,52,389,130,121,21,11,0,0,0.026733600003353786,0.009789990070102176,False,406,196,288,4910.200000000001,101,surge,mpc_buffered,1.0,Optimization terminated successfully. (HiGHS Status 7: Optimal),-49612.5,0.0
19,263,211,52,23256.0,0.0,915.5999999999999,190.0,8.399999999999999,536.0,0,11,219,0,89,49,10,0,0,0.019035299999814015,0.00350416025083057,False,274,134,192,21606.0,101,surge,mpc_buffered,1.0,Optimization terminated successfully. (HiGHS Status 7: Optimal),-42873.0,0.0
20,203,185,18,19390.0,0.0,1096.8,168.0,24.599999999999998,216.0,30,15,0,0,0,100,7,0,0,0.015758099994855,0.003353662223333071,False,142,72,96,17884.6,101,surge,mpc_buffered,1.0,Optimization terminated successfully. (HiGHS Status 7: Optimal),-21264.6,0.0
0,151,151,0,16330.0,100.0,576.0,98.0,249.3,0.0,355,115,126,1,125,0,7,0,0,0.038079099998867605,0.0039566180091849396,False,720,370,480,15306.7,101,surge,mpc_safety,1.0,Optimization terminated successfully. (HiGHS Status 7: Optimal),-74925.1,0.0
1,177,169,8,17242.0,2135.0,702.6,156.0,164.7,63.0,209,83,180,45,134,12,9,0,0,0.04013230000418844,0.005592747498289377,False,720,370,480,14020.7,101,surge,mpc_safety,1.0,Optimization terminated successfully. (HiGHS Status 7: Optimal),-65341.0,0.0
2,113,113,0,11513.0,8640.0,854.0,170.0,136.2,0.0,41,134,321,137,139,30,10,0,0,0.03782179999689106,0.007443029769041919,False,720,370,480,1712.7999999999993,101,surge,mpc_safety,1.0,Optimization terminated successfully. (HiGHS Status 7: Optimal),-55710.8,0.0
3,77,77,0,8054.0,7700.0,473.4,122.0,168.60000000000002,0.0,3,203,334,121,76,7,8,0,0,0.04283630000281846,0.009231736724086436,False,720,370,480,-410.0,101,surge,mpc_safety,1.0,Optimization terminated successfully. (HiGHS Status 7: Optimal),-57547.1,0.0
4,126,124,2,12702.0,3250.0,427.79999999999995,118.0,161.4,32.0,47,164,254,49,84,9,7,0,0,0.03871910000452772,0.004037624764352741,False,720,370,480,8712.8,101,surge,mpc_safety,1.0,Optimization terminated successfully. (HiGHS Status 7: Optimal),-59581.1,0.0
5,140,140,0,15782.0,7655.0,556.8,108.0,118.19999999999999,0.0,57,121,267,120,98,13,7,0,0,0.038093100003607105,0.006012211810029989,False,720,370,480,7344.0,101,surge,mpc_safety,1.0,Optimization terminated successfully. (HiGHS Status 7: Optimal),-53789.2,0.0
6,113,104,9,10363.0,8765.0,559.8000000000001,132.0,95.39999999999998,83.0,0,119,352,130,102,4,8,0,0,0.03702550000161864,0.007221501947346131,False,720,370,480,727.7999999999993,101,surge,mpc_safety,1.0,Optimization terminated successfully. (HiGHS Status 7: Optimal),-50774.7,0.0
7,175,171,4,17723.0,7345.0,564.0,132.0,48.6,60.0,0,60,347,107,110,10,8,0,0,0.03892009999981383,0.0076293662522778265,False,720,370,480,9573.4,101,surge,mpc_safety,1.0,Optimization terminated successfully. (HiGHS Status 7: Optimal),-53157.4,0.0
8,235,197,38,20051.0,8740.0,807.0,180.0,7.799999999999999,458.0,0,13,335,138,90,40,10,0,0,0.043236800003796816,0.012921282565846424,False,720,370,480,9858.2,101,surge,mpc_safety,1.0,Optimization terminated successfully. (HiGHS Status 7: Optimal),-48305.2,0.0
9,268,145,123,15401.0,8795.0,778.6,204.0,0.0,1225.0,0,0,341,138,65,42,11,0,0,0.0544651000018348,0.016604242005324253,False,720,370,480,4398.4,101,surge,mpc_safety,1.0,Optimization terminated successfully. (HiGHS Status 7: Optimal),-42594.5,0.0
10,197,134,63,14285.0,8760.0,1021.4,228.0,12.0,691.0,0,20,323,136,49,89,12,0,0,0.03957069999887608,0.015747288146847744,False,720,370,480,3572.6000000000004,101,surge,mpc_safety,1.0,Optimization terminated successfully. (HiGHS Status 7: Optimal),-42774.1,0.0
11,266,155,111,16363.0,8795.0,1144.4,200.0,3.0,1050.0,0,4,322,138,48,90,10,0,0,0.03952769999887096,0.010791118152117918,False,720,370,480,5170.6,101,surge,mpc_safety,1.0,Optimization terminated successfully. (HiGHS Status 7: Optimal),-44234.4,0.0
12,234,146,88,15830.0,8795.0,1188.0,186.0,3.8999999999999995,773.0,1,5,312,138,36,99,9,0,0,0.04160450000199489,0.012148997772903566,False,720,370,480,4884.1,101,surge,mpc_safety,1.0,Optimization terminated successfully. (HiGHS Status 7: Optimal),-42329.3,0.0
13,125,91,34,9648.0,8740.0,1080.6,224.0,35.4,290.0,0,48,317,138,41,98,11,0,0,0.04017129999556346,0.01491310932704789,False,720,370,480,-722.0,101,surge,mpc_safety,1.0,Optimization terminated successfully. (HiGHS Status 7: Optimal),-41061.6,0.0
14,137,102,35,10641.0,8795.0,1045.3999999999999,152.0,61.2,270.0,0,74,327,138,51,87,8,0,0,0.8366905000002589,0.0016306132784129207,False,720,370,480,317.39999999999964,101,surge,mpc_safety,1.0,Optimization terminated successfully. (HiGHS Status 7: Optimal),-46968.799999999996,4.263256414560601e-14
15,228,139,89,15276.0,8795.0,1022.0,238.0,51.6,718.0,0,67,333,138,57,81,12,0,0,0.04255850000481587,0.012209362959427079,False,720,370,480,4451.4,101,surge,mpc_safety,1.0,Optimization terminated successfully. (HiGHS Status 7: Optimal),-50697.1,0.0
16,233,168,65,17496.0,8795.0,878.5999999999999,194.0,17.400000000000002,498.0,0,20,350,138,74,64,11,0,0,0.039150500000687316,0.011768450365307801,False,720,370,480,7113.0,101,surge,mpc_safety,1.0,Optimization terminated successfully. (HiGHS Status 7: Optimal),-49808.2,0.0
17,185,133,52,13712.0,8740.0,916.7999999999998,242.0,25.799999999999997,461.0,1,30,344,138,68,69,13,0,0,0.033142600004794076,0.012431196552937836,False,578,298,384,3326.3999999999996,101,surge,mpc_safety,1.0,Optimization terminated successfully. (HiGHS Status 7: Optimal),-43250.2,0.0
18,195,165,30,16549.0,8735.0,1252.3999999999999,262.0,36.6,217.0,3,38,302,133,30,106,13,0,0,0.02476079999905778,0.017600497507197953,False,436,226,288,6046.0,101,surge,mpc_safety,1.0,Optimization terminated successfully. (HiGHS Status 7: Optimal),-39828.7,0.0
19,263,175,88,19194.0,0.0,1236.8,224.0,0.0,942.0,0,0,168,0,35,106,11,0,0,0.02119450000463985,0.005159433295295059,False,294,154,192,16791.2,101,surge,mpc_safety,1.0,Optimization terminated successfully. (HiGHS Status 7: Optimal),-33285.7,0.0
20,203,147,56,15952.0,0.0,1240.8,168.0,13.799999999999999,516.0,14,7,0,0,0,119,7,0,0,0.01642310000170255,0.003938278823698188,False,152,82,96,14013.4,101,surge,mpc_safety,1.0,Optimization terminated successfully. (HiGHS Status 7: Optimal),-16320.4,0.0
0,151,151,0,16330.0,7160.0,1297.0,154.0,222.89999999999998,0.0,267,115,333,120,213,0,11,0,-1,0.0,,False,0,0,0,7496.1,101,supply_shock,base_stock,1.0,,,
1,177,155,22,15693.0,8660.0,1313.4,160.0,106.5,232.0,113,76,506,135,148,6,10,0,-1,0.0,,False,0,0,0,5221.1,101,supply_shock,base_stock,1.0,,,
2,113,113,0,11513.0,8705.0,1320.0,168.0,144.6,0.0,31,152,535,136,202,0,12,0,-1,0.0,,False,0,0,0,1175.3999999999996,101,supply_shock,base_stock,1.0,,,
3,77,77,0,8054.0,8715.0,1083.0,98.0,221.1,0.0,39,244,493,135,127,0,7,0,-1,0.0,,False,0,0,0,-2063.1000000000004,101,supply_shock,base_stock,1.0,,,
4,126,126,0,13034.0,1925.0,578.0,84.0,253.2,0.0,111,248,324,33,64,0,6,0,-1,0.0,,False,0,0,0,10193.8,101,supply_shock,base_stock,1.0,,,
5,140,140,0,15782.0,6580.0,981.0,126.0,218.40000000000003,0.0,129,206,309,101,117,0,9,0,-1,0.0,,False,0,0,0,7876.6,101,supply_shock,base_stock,1.0,,,
6,113,113,0,11535.0,8695.0,1062.0,84.0,153.0,0.0,45,177,435,126,117,0,6,0,-1,0.0,,False,0,0,0,1541.0,101,supply_shock,base_stock,1.0,,,
7,147,147,0,15386.0,3930.0,724.0,112.0,138.9,0.0,43,149,376,58,103,0,8,0,-1,0.0,,False,0,0,0,10481.1,101,supply_shock,base_stock,0.45,,,
8,151,151,0,16124.0,3930.0,976.0,140.0,136.2,0.0,44,145,286,58,125,0,10,0,-1,0.0,,False,0,0,0,10941.8,101,supply_shock,base_stock,0.45,,,
9,203,185,18,19639.0,3930.0,672.0,140.0,42.0,197.0,0,53,295,58,102,0,10,0,-1,0.0,,False,0,0,0,14658.0,101,supply_shock,base_stock,0.45,,,
10,153,149,4,15734.0,3930.0,398.4,122.0,34.8,56.0,0,49,208,58,57,1,8,0,-1,0.0,,False,0,0,0,11192.8,101,supply_shock,base_stock,0.45,,,
11,191,155,36,16074.0,3930.0,771.4000000000001,196.0,4.2,465.0,0,7,153,58,19,39,9,0,-1,0.0,,False,0,0,0,10707.4,101,supply_shock,base_stock,0.45,,,
12,141,75,66,7877.0,3930.0,813.5999999999999,144.0,9.0,678.0,0,8,135,58,0,58,6,0,-1,0.0,,False,0,0,0,2302.3999999999996,101,supply_shock,base_stock,0.45,,,
13,98,62,36,6078.0,3930.0,700.8,144.0,19.2,391.0,0,23,116,58,0,58,6,0,-1,0.0,,False,0,0,0,893.0,101,supply_shock,base_stock,0.45,,,
14,100,61,39,7136.0,8720.0,904.8000000000001,216.0,14.399999999999999,397.0,0,20,187,129,0,58,9,0,-1,0.0,,False,0,0,0,-3116.2000000000007,101,supply_shock,base_stock,1.0,,,
15,158,74,84,7322.0,8720.0,791.9999999999999,120.0,4.8,824.0,0,4,258,129,0,58,5,0,-1,0.0,,False,0,0,0,-3138.7999999999993,101,supply_shock,base_stock,1.0,,,
16,136,107,29,11549.0,8720.0,1546.4,230.0,21.0,297.0,0,25,259,129,1,128,10,0,-1,0.0,,False,0,0,0,734.6000000000004,101,supply_shock,base_stock,1.0,,,
17,128,118,10,12229.0,8720.0,1362.6,244.0,15.6,92.0,0,17,278,129,20,109,11,0,-1,0.0,,False,0,0,0,1794.7999999999993,101,supply_shock,base_stock,1.0,,,
18,128,107,21,11374.0,6565.0,1301.2,258.0,19.799999999999997,174.0,0,23,273,108,33,96,12,0,-1,0.0,,False,0,0,0,3056.0,101,supply_shock,base_stock,1.0,,,
19,176,131,45,14031.0,0.0,1058.3999999999999,238.0,2.4,524.0,0,3,162,0,53,76,12,0,-1,0.0,,False,0,0,0,12208.2,101,supply_shock,base_stock,1.0,,,
20,106,102,4,10721.0,0.0,705.6,120.0,34.8,64.0,42,21,0,0,0,66,5,0,-1,0.0,,False,0,0,0,9796.6,101,supply_shock,base_stock,1.0,,,
0,151,151,0,16330.0,0.0,109.0,70.0,290.40000000000003,0.0,453,115,27,0,27,0,5,0,0,0.027368600000045262,0.00261650500942269,False,670,320,480,15860.6,101,supply_shock,mpc,1.0,Optimization terminated successfully. (HiGHS Status 7: Optimal),-75138.4,0.0
1,177,142,35,14999.0,855.0,752.4000000000001,170.0,151.79999999999998,296.0,311,19,142,19,123,19,10,0,0,0.03349129999696743,0.003849711513149047,False,670,320,480,12773.8,101,supply_shock,mpc,1.0,Optimization terminated successfully. (HiGHS Status 7: Optimal),-65066.1,0.0
2,113,108,5,10857.0,6245.0,689.1999999999999,180.0,113.4,64.0,169,43,259,107,133,9,10,0,0,0.03227020000485936,0.004530361966312302,False,670,320,480,3565.3999999999996,101,supply_shock,mpc,1.0,Optimization terminated successfully. (HiGHS Status 7: Optimal),-56198.6,0.0
3,77,77,0,8054.0,7310.0,589.0,132.0,123.0,0.0,75,108,316,105,104,9,8,0,0,0.0354421000010916,0.003840261680803341,False,670,320,480,-100.0,101,supply_shock,mpc,1.0,Optimization terminated successfully. (HiGHS Status 7: Optimal),-56015.9,0.0
4,126,124,2,12702.0,2750.0,278.0,84.0,123.9,32.0,122,88,209,44,60,0,6,0,0,0.03446980000444455,0.0033996501776249943,False,670,320,480,9434.1,101,supply_shock,mpc,1.0,Optimization terminated successfully. (HiGHS Status 7: Optimal),-57114.7,0.0
5,140,132,8,14494.0,7155.0,587.0,156.0,73.19999999999999,100.0,116,32,254,115,95,16,9,0,0,0.03532139999879291,0.004821975756942253,False,670,320,480,6422.8,101,supply_shock,mpc,1.0,Optimization terminated successfully. (HiGHS Status 7: Optimal),-50844.6,0.0
6,113,98,15,9871.0,8765.0,776.8000000000001,146.0,37.8,143.0,18,38,378,130,133,9,9,0,0,0.039138899999670684,0.009010407523206997,False,670,320,480,2.399999999999636,101,supply_shock,mpc,1.0,Optimization terminated successfully. (HiGHS Status 7: Optimal),-48501.3,0.0
7,147,130,17,13553.0,3945.0,481.4,108.0,48.3,169.0,30,41,295,62,101,2,7,0,0,0.033975899998040404,0.007671938958740875,False,670,320,480,8801.3,101,supply_shock,mpc,0.45,Optimization terminated successfully. (HiGHS Status 7: Optimal),-49758.2,0.0
8,151,134,17,14079.0,3945.0,568.8,122.0,34.8,172.0,38,17,239,62,115,7,8,0,0,0.5197775999986334,0.00147103625001592,False,670,320,480,9236.4,101,supply_shock,mpc,0.45,Optimization terminated successfully. (HiGHS Status 7: Optimal),-43023.8,3.552713678800501e-14
9,203,122,81,12273.0,3945.0,357.4,80.0,18.0,821.0,30,3,201,62,69,1,5,0,0,0.03210370000306284,0.00787762554730987,False,670,320,480,7051.6,101,supply_shock,mpc,0.45,Optimization terminated successfully. (HiGHS Status 7: Optimal),-35100.7,0.0
10,153,93,60,10103.0,3945.0,444.0,114.0,5.699999999999999,579.0,6,2,195,62,71,15,6,0,0,0.5755714000042644,0.0004370648371437936,False,670,320,480,5015.3,101,supply_shock,mpc,0.45,Optimization terminated successfully. (HiGHS Status 7: Optimal),-29281.90000000003,1.2813711444560676e-12
11,191,73,118,8871.0,3945.0,224.0,42.0,7.199999999999999,1018.0,18,0,174,62,50,0,3,0,0,0.688480900003924,0.0008814539430258189,False,670,320,480,3634.8,101,supply_shock,mpc,0.45,Optimization terminated successfully. (HiGHS Status 7: Optimal),-25759.600000000115,1.255884285455977e-12
12,141,60,81,6877.0,3945.0,425.8,104.0,8.4,673.0,1,7,186,62,62,17,6,0,0,0.03222210000240011,0.011612886478293245,False,670,320,480,1720.8000000000002,101,supply_shock,mpc,0.45,Optimization terminated successfully. (HiGHS Status 7: Optimal),-23398.2,0.0
13,98,43,55,5043.0,3955.0,258.0,56.0,21.0,403.0,0,26,186,61,63,0,4,0,0,0.0331376000031014,0.012268439064990859,False,670,320,480,350.0,101,supply_shock,mpc,0.45,Optimization terminated successfully. (HiGHS Status 7: Optimal),-23687.8,0.0
14,100,52,48,6577.0,8795.0,316.2,80.0,28.799999999999997,377.0,1,39,258,138,59,2,5,0,0,0.6226076999955694,0.00157093441162296,False,670,320,480,-3020.0,101,supply_shock,mpc,1.0,Optimization terminated successfully. (HiGHS Status 7: Optimal),-32314.80000000067,1.0459189070388675e-11
15,158,87,71,9267.0,8760.0,396.4,152.0,18.9,509.0,1,24,311,125,48,13,8,0,0,0.03742280000005849,0.016528763929965287,False,670,320,480,-569.2999999999993,101,supply_shock,mpc,1.0,Optimization terminated successfully. (HiGHS Status 7: Optimal),-39324.0,0.0
16,136,102,34,10910.0,8760.0,864.9999999999999,156.0,9.6,327.0,0,11,359,136,98,41,9,0,0,0.04243009999481728,0.011658944572795815,False,670,320,480,792.3999999999996,101,supply_shock,mpc,1.0,Optimization terminated successfully. (HiGHS Status 7: Optimal),-43821.9,0.0
17,128,123,5,12689.0,8795.0,893.8000000000001,180.0,18.0,51.0,0,21,364,138,90,35,10,0,0,0.11057480000454234,0.009412308255375975,False,538,258,384,2751.2000000000007,101,supply_shock,mpc,1.0,Optimization terminated successfully. (HiGHS Status 7: Optimal),-42197.8,0.0
18,128,120,8,12596.0,1745.0,848.9999999999999,180.0,27.0,54.0,0,32,251,18,95,41,10,0,0,0.025734299997566268,0.008283766565403857,False,406,196,288,9741.0,101,supply_shock,mpc,1.0,Optimization terminated successfully. (HiGHS Status 7: Optimal),-38665.6,0.0
19,176,142,34,15398.0,0.0,726.4,208.0,9.6,394.0,17,6,118,0,100,21,12,0,0,0.016049800004111603,0.006144245545328703,False,274,134,192,14060.0,101,supply_shock,mpc,1.0,Optimization terminated successfully. (HiGHS Status 7: Optimal),-27395.5,0.0
20,106,102,4,10721.0,0.0,403.19999999999993,144.0,26.099999999999994,64.0,15,24,0,0,0,20,6,0,0,0.015878300000622403,0.007155271409426937,False,142,72,96,10083.7,101,supply_shock,mpc,1.0,Optimization terminated successfully. (HiGHS Status 7: Optimal),-13184.7,0.0
0,151,151,0,16330.0,0.0,265.0,84.0,276.0,0.0,418,115,62,0,62,0,6,0,0,0.03544509999483125,0.003486893849205244,False,670,320,480,15705.0,101,supply_shock,mpc_buffered,1.0,Optimization terminated successfully. (HiGHS Status 7: Optimal),-79210.9,0.0
1,177,153,24,16025.0,4970.0,714.0,156.0,153.29999999999998,186.0,275,38,215,86,129,14,9,0,0,0.03682010000193259,0.003635388951627388,False,670,320,480,9845.7,101,supply_shock,mpc_buffered,1.0,Optimization terminated successfully. (HiGHS Status 7: Optimal),-68753.5,0.0
2,113,111,2,11181.0,8740.0,801.6,170.0,113.1,32.0,113,70,372,138,148,14,10,0,0,0.03697200000169687,0.006191366136878025,False,670,320,480,1324.2999999999993,101,supply_shock,mpc_buffered,1.0,Optimization terminated successfully. (HiGHS Status 7: Optimal),-63353.2,0.0
3,77,77,0,8054.0,8160.0,537.4,94.0,159.89999999999998,0.0,89,147,361,119,104,6,6,0,0,0.036699500000395346,0.0022971937240105927,False,670,320,480,-897.2999999999993,101,supply_shock,mpc_buffered,1.0,Optimization terminated successfully. (HiGHS Status 7: Optimal),-65627.9,0.0
4,126,126,0,13034.0,2815.0,289.0,84.0,173.1,0.0,165,125,224,43,62,0,6,0,0,0.037370300000475254,0.002613092070250056,False,670,320,480,9672.9,101,supply_shock,mpc_buffered,1.0,Optimization terminated successfully. (HiGHS Status 7: Optimal),-67644.0,0.0
5,140,139,1,15600.0,6740.0,555.8,132.0,119.4,16.0,174,60,248,107,98,12,8,0,0,0.03750140000192914,0.0037541042101091405,False,670,320,480,8036.8,101,supply_shock,mpc_buffered,1.0,Optimization terminated successfully. (HiGHS Status 7: Optimal),-61095.8,0.0
6,113,102,11,10323.0,8710.0,857.8,156.0,81.9,105.0,68,68,374,130,137,12,9,0,0,0.03420960000221385,0.009344364658132966,False,670,320,480,412.2999999999993,101,supply_shock,mpc_buffered,1.0,Optimization terminated successfully. (HiGHS Status 7: Optimal),-57654.0,0.0
7,147,146,1,15250.0,3945.0,491.4,108.0,82.5,12.0,69,61,296,62,104,2,7,0,0,0.044749699998646975,0.005275921068742596,False,670,320,480,10611.1,101,supply_shock,mpc_buffered,0.45,Optimization terminated successfully. (HiGHS Status 7: Optimal),-57872.7,0.0
8,151,144,7,15195.0,3945.0,724.0,122.0,54.599999999999994,79.0,56,32,256,62,132,11,8,0,0,0.03388380000251345,0.00635379411373921,False,670,320,480,10270.4,101,supply_shock,mpc_buffered,0.45,Optimization terminated successfully. (HiGHS Status 7: Optimal),-49260.4,0.0
9,203,147,56,15256.0,3945.0,463.8,108.0,18.3,553.0,31,6,222,62,85,2,7,0,0,0.03240400000504451,0.00658645787913704,False,670,320,480,10167.9,101,supply_shock,mpc_buffered,0.45,Optimization terminated successfully. (HiGHS Status 7: Optimal),-40483.6,0.0
10,153,106,47,11111.0,3945.0,386.59999999999997,104.0,12.599999999999998,485.0,10,7,198,62,72,11,6,0,0,0.03458669999963604,0.011950273187361483,False,670,320,480,6177.8,101,supply_shock,mpc_buffered,0.45,Optimization terminated successfully. (HiGHS Status 7: Optimal),-31260.0,0.0
11,191,80,111,9337.0,3955.0,296.0,56.0,3.0,989.0,6,1,189,61,66,0,4,0,0,0.03322679999837419,0.01000481958726954,False,670,320,480,4038.0,101,supply_shock,mpc_buffered,0.45,Optimization terminated successfully. (HiGHS Status 7: Optimal),-26385.6,0.0
12,141,65,76,7455.0,3945.0,255.8,66.0,17.1,611.0,15,11,167,62,44,9,4,0,0,0.03754550000303425,0.016111025896884585,False,670,320,480,2560.1000000000004,101,supply_shock,mpc_buffered,0.45,Optimization terminated successfully. (HiGHS Status 7: Optimal),-23344.4,0.0
13,98,30,68,3755.0,3945.0,253.8,80.0,33.9,531.0,16,29,180,62,56,4,5,0,0,0.03247639999608509,0.012095910512679466,False,670,320,480,-1088.6999999999998,101,supply_shock,mpc_buffered,0.45,Optimization terminated successfully. (HiGHS Status 7: Optimal),-23095.9,0.0
14,100,48,52,5913.0,8740.0,313.6,104.0,37.199999999999996,441.0,11,43,261,138,61,6,6,0,0,0.03274090000195429,0.013693110126655592,False,670,320,480,-3722.7999999999993,101,supply_shock,mpc_buffered,1.0,Optimization terminated successfully. (HiGHS Status 7: Optimal),-34033.8,0.0
15,158,72,86,8352.0,8740.0,406.4,132.0,34.199999999999996,602.0,0,45,336,138,60,13,8,0,0,0.03990930000145454,0.011085377277210061,False,670,320,480,-1562.6000000000004,101,supply_shock,mpc_buffered,1.0,Optimization terminated successfully. (HiGHS Status 7: Optimal),-42603.9,0.0
16,136,100,36,10039.0,8715.0,713.4000000000001,194.0,19.8,338.0,1,23,392,135,119,18,11,0,0,0.034785999996529426,0.013454000467759714,False,670,320,480,58.79999999999927,101,supply_shock,mpc_buffered,1.0,Optimization terminated successfully. (HiGHS Status 7: Optimal),-48238.5,0.0
17,128,127,1,13222.0,8780.0,791.6,170.0,45.29999999999999,9.0,13,46,353,123,95,31,10,0,0,0.08678430000145454,0.00690341834782092,False,538,258,384,3426.1000000000004,101,supply_shock,mpc_buffered,1.0,Optimization terminated successfully. (HiGHS Status 7: Optimal),-47811.3,0.0
18,128,125,3,13070.0,4040.0,869.1999999999999,170.0,42.599999999999994,18.0,0,51,294,58,113,35,10,0,0,0.02122640000015963,0.005894586057010074,False,406,196,288,7930.2,101,supply_shock,mpc_buffered,1.0,Optimization terminated successfully. (HiGHS Status 7: Optimal),-43441.8,0.0
19,176,148,28,15792.0,0.0,695.2,194.0,18.0,352.0,0,27,170,0,112,11,11,0,0,0.016245099999650847,0.005389995085004113,False,274,134,192,14532.8,101,supply_shock,mpc_buffered,1.0,Optimization terminated successfully. (HiGHS Status 7: Optimal),-33083.4,0.0
20,106,105,1,11251.0,0.0,146.4,120.0,58.8,16.0,44,48,0,0,0,14,5,0,0,0.01626820000092266,0.0055819479338854415,False,142,72,96,10909.8,101,supply_shock,mpc_buffered,1.0,Optimization terminated successfully. (HiGHS Status 7: Optimal),-17820.2,0.0
0,151,151,0,16330.0,100.0,576.0,98.0,249.3,0.0,355,115,126,1,125,0,7,0,0,0.03736080000089714,0.0039566180091849396,False,720,370,480,15306.7,101,supply_shock,mpc_safety,1.0,Optimization terminated successfully. (HiGHS Status 7: Optimal),-74925.1,0.0
1,177,169,8,17242.0,2135.0,702.6,156.0,164.7,63.0,209,83,180,45,134,12,9,0,0,0.038441500000772066,0.005592747498289377,False,720,370,480,14020.7,101,supply_shock,mpc_safety,1.0,Optimization terminated successfully. (HiGHS Status 7: Optimal),-65341.0,0.0
2,113,113,0,11513.0,8640.0,854.0,170.0,136.2,0.0,41,134,321,137,139,30,10,0,0,0.0346371999985422,0.007443029769041919,False,720,370,480,1712.7999999999993,101,supply_shock,mpc_safety,1.0,Optimization terminated successfully. (HiGHS Status 7: Optimal),-55710.8,0.0
3,77,77,0,8054.0,7700.0,473.4,122.0,168.60000000000002,0.0,3,203,334,121,76,7,8,0,0,0.04262159999780124,0.009231736724086436,False,720,370,480,-410.0,101,supply_shock,mpc_safety,1.0,Optimization terminated successfully. (HiGHS Status 7: Optimal),-57547.1,0.0
4,126,124,2,12702.0,3250.0,427.79999999999995,118.0,161.4,32.0,47,164,254,49,84,9,7,0,0,0.039315000001806766,0.004037624764352741,False,720,370,480,8712.8,101,supply_shock,mpc_safety,1.0,Optimization terminated successfully. (HiGHS Status 7: Optimal),-59581.1,0.0
5,140,140,0,15782.0,7655.0,556.8,108.0,118.19999999999999,0.0,57,121,267,120,98,13,7,0,0,0.037755199999082834,0.006012211810029989,False,720,370,480,7344.0,101,supply_shock,mpc_safety,1.0,Optimization terminated successfully. (HiGHS Status 7: Optimal),-53789.2,0.0
6,113,104,9,10363.0,8765.0,559.8000000000001,132.0,95.39999999999998,83.0,0,119,352,130,102,4,8,0,0,0.03506860000197776,0.007221501947346131,False,720,370,480,727.7999999999993,101,supply_shock,mpc_safety,1.0,Optimization terminated successfully. (HiGHS Status 7: Optimal),-50774.7,0.0
7,147,140,7,14342.0,3945.0,553.6,94.0,75.0,92.0,0,89,304,62,112,8,6,0,0,1.2355514000009862,0.0021863091368321285,False,720,370,480,9582.4,101,supply_shock,mpc_safety,0.45,Optimization terminated successfully. (HiGHS Status 7: Optimal),-52586.6,5.329070518200751e-15
8,151,148,3,15578.0,3945.0,699.1999999999999,170.0,60.3,48.0,17,68,222,62,98,15,10,0,0,0.03615619999618502,0.01265038048246875,False,720,370,480,10655.5,101,supply_shock,mpc_safety,0.45,Optimization terminated successfully. (HiGHS Status 7: Optimal),-45133.6,0.0
9,203,154,49,16435.0,3945.0,359.8,66.0,17.7,447.0,8,15,192,62,67,4,4,0,0,0.9314986000026693,0.003554947577537184,False,720,370,480,11599.5,101,supply_shock,mpc_safety,0.45,Optimization terminated successfully. (HiGHS Status 7: Optimal),-35856.700000000004,2.842170943040401e-14
10,153,108,45,11882.0,3945.0,483.59999999999997,128.0,6.6,386.0,0,8,161,62,37,33,7,0,0,0.037367700002505444,0.016510256991746464,False,720,370,480,6932.8,101,supply_shock,mpc_safety,0.45,Optimization terminated successfully. (HiGHS Status 7: Optimal),-24777.1,0.0
11,191,83,108,8531.0,3945.0,470.4,124.0,0.0,1110.0,0,0,148,62,24,38,6,0,0,0.050500100005592685,0.01791162194261978,False,720,370,480,2881.6000000000004,101,supply_shock,mpc_safety,0.45,Optimization terminated successfully. (HiGHS Status 7: Optimal),-18390.2,0.0
12,141,66,75,6949.0,3945.0,535.2,110.0,8.399999999999999,687.0,0,8,136,62,12,50,5,0,0,0.5937892999936594,0.005106149059456786,False,720,370,480,1663.3999999999996,101,supply_shock,mpc_safety,0.45,Optimization terminated successfully. (HiGHS Status 7: Optimal),-15988.2,1.7763568394002505e-15
13,98,44,54,4657.0,3955.0,436.79999999999995,186.0,12.0,459.0,0,15,146,61,23,39,9,0,0,0.13500919999933103,0.01992302953515439,False,720,370,480,-391.8000000000002,101,supply_shock,mpc_safety,0.45,Optimization terminated successfully. (HiGHS Status 7: Optimal),-15473.699999999999,0.0
14,100,53,47,6629.0,8795.0,484.79999999999995,110.0,24.6,377.0,0,33,213,138,14,48,5,0,0,0.0370792999965488,0.013111808111564685,False,720,370,480,-3162.3999999999996,101,supply_shock,mpc_safety,1.0,Optimization terminated successfully. (HiGHS Status 7: Optimal),-24821.3,0.0
15,158,74,84,8422.0,8795.0,549.1999999999999,138.0,20.4,590.0,0,25,285,138,9,52,7,0,0,0.04190009999729227,0.013924435505387163,False,720,370,480,-1670.6000000000004,101,supply_shock,mpc_safety,1.0,Optimization terminated successfully. (HiGHS Status 7: Optimal),-32427.0,0.0
16,136,100,36,10008.0,8740.0,1061.6,228.0,14.999999999999998,355.0,1,19,328,138,52,85,12,0,0,0.03930399999808287,0.016465801148338018,False,720,370,480,-391.60000000000036,101,supply_shock,mpc_safety,1.0,Optimization terminated successfully. (HiGHS Status 7: Optimal),-38102.2,0.0
17,128,123,5,12728.0,8795.0,1104.8,214.0,31.799999999999997,42.0,3,37,323,138,47,89,11,0,0,0.03552579999814043,0.013999783190384927,False,578,298,384,2540.3999999999996,101,supply_shock,mpc_safety,1.0,Optimization terminated successfully. (HiGHS Status 7: Optimal),-38354.3,0.0
18,128,125,3,12906.0,3155.0,1136.8,190.0,42.0,24.0,0,60,220,42,40,101,10,0,0,0.025992299997597,0.0126946939095024,False,436,226,288,8358.2,101,supply_shock,mpc_safety,1.0,Optimization terminated successfully. (HiGHS Status 7: Optimal),-35768.6,0.0
19,176,153,23,16066.0,0.0,1016.8,242.0,11.399999999999999,324.0,0,17,110,0,68,70,13,0,0,0.019539100001566112,0.011176744259197029,False,294,154,192,14471.8,101,supply_shock,mpc_safety,1.0,Optimization terminated successfully. (HiGHS Status 7: Optimal),-26626.2,0.0
20,106,102,4,10721.0,0.0,496.8,120.0,21.0,64.0,6,19,0,0,0,36,5,0,0,0.04870419999497244,0.004723302307273948,False,152,82,96,10019.2,101,supply_shock,mpc_safety,1.0,Optimization terminated successfully. (HiGHS Status 7: Optimal),-12557.8,0.0
