regime,seed,method,mae,wape,bias
normal,101,recent_mean,4.428571428571429,0.3192584963954686,0.013731548232063165
normal,101,seasonal_naive,5.980952380952381,0.4311706144867834,0.032955715756951595
normal,101,blended,4.352380952380952,0.3137658771026433,0.006179196704428424
normal,102,recent_mean,3.9095238095238094,0.32082844861273935,-0.04181320828448613
normal,102,seasonal_naive,5.485714285714286,0.4501758499413834,-0.039077764751856196
normal,102,blended,4.038095238095238,0.3313794450957405,-0.0031262211801484957
normal,103,recent_mean,4.357142857142857,0.32435306628855015,0.0024813895781637717
normal,103,seasonal_naive,5.042857142857143,0.37539879475363347,0.006026231832683446
normal,103,blended,4.119047619047619,0.3066288550159518,0.01098901098901099
normal,104,recent_mean,4.580952380952381,0.34641699675909254,-0.008642419877565718
normal,104,seasonal_naive,5.380952380952381,0.40691393590205255,-0.006481814908174289
normal,104,blended,4.3428571428571425,0.3284119553474973,0.011523226503420959
normal,105,recent_mean,4.1380952380952385,0.3203096203464799,-0.01142646516771102
normal,105,seasonal_naive,5.419047619047619,0.41946185035016587,-0.012532252119424991
normal,105,blended,3.7857142857142856,0.29303354220420197,-0.008477699963140435
normal,106,recent_mean,3.5952380952380953,0.2777777777777778,-0.012877115526122149
normal,106,seasonal_naive,4.652380952380953,0.35945548197203825,-0.02832965415746873
normal,106,blended,3.5095238095238095,0.27115526122148637,-0.0025754231052244297
normal,107,recent_mean,4.585714285714285,0.34016248675379723,0.01660190745319675
normal,107,seasonal_naive,5.695238095238095,0.42246555987283646,0.03956199222889439
normal,107,blended,4.404761904761905,0.32673966796185094,0.006004945249028612
normal,108,recent_mean,3.7,0.2803030303030303,-0.05663780663780664
normal,108,seasonal_naive,4.633333333333334,0.351010101010101,-0.07251082251082251
normal,108,blended,3.7142857142857144,0.2813852813852814,-0.03607503607503607
normal,109,recent_mean,4.280952380952381,0.3165492957746479,0.00528169014084507
normal,109,seasonal_naive,4.947619047619048,0.3658450704225352,0.025704225352112677
normal,109,blended,4.09047619047619,0.30246478873239435,0.007394366197183098
normal,110,recent_mean,4.2,0.3172661870503597,0.04316546762589928
normal,110,seasonal_naive,5.1571428571428575,0.389568345323741,0.05575539568345324
normal,110,blended,4.0,0.302158273381295,0.04460431654676259
normal,111,recent_mean,4.033333333333333,0.29450625869262864,-0.006606397774687065
normal,111,seasonal_naive,4.833333333333333,0.35292072322670376,-0.01773296244784423
normal,111,blended,3.8333333333333335,0.27990264255910985,-0.0038247566063977748
normal,112,recent_mean,3.861904761904762,0.29026485325697926,-0.0046528274874731565
normal,112,seasonal_naive,5.461904761904762,0.4105225483178239,-0.016105941302791697
normal,112,blended,3.7523809523809524,0.28203292770221905,-0.004294917680744453
surge,101,recent_mean,6.171428571428572,0.33741213225722466,-0.07341838063004426
surge,101,seasonal_naive,7.79047619047619,0.4259307472012497,-0.10830512887268941
surge,101,blended,6.1380952380952385,0.3355896901848477,-0.12418640978911742
surge,102,recent_mean,5.380952380952381,0.3405666063893912,-0.10729355033152502
surge,102,seasonal_naive,6.8619047619047615,0.4342977697408077,-0.15521398432790837
surge,102,blended,5.376190476190477,0.34026522001205545,-0.1256781193490054
surge,103,recent_mean,5.228571428571429,0.30756302521008405,-0.06162464985994398
surge,103,seasonal_naive,6.371428571428571,0.37478991596638656,-0.10868347338935574
surge,103,blended,5.0,0.29411764705882354,-0.09915966386554621
surge,104,recent_mean,5.6380952380952385,0.33091112353269986,-0.07881498043599776
surge,104,seasonal_naive,7.080952380952381,0.41559530463946337,-0.12157629960871996
surge,104,blended,5.480952380952381,0.32168809390721076,-0.10760201229737283
surge,105,recent_mean,5.566666666666666,0.3368876080691643,-0.05446685878962536
surge,105,seasonal_naive,7.133333333333334,0.43170028818443806,-0.09394812680115273
surge,105,blended,5.190476190476191,0.31412103746397696,-0.09855907780979827
surge,106,recent_mean,4.838095238095238,0.2883087400681044,-0.07264472190692395
surge,106,seasonal_naive,6.614285714285714,0.39415437003405224,-0.13024971623155504
surge,106,blended,4.9,0.29199772985244044,-0.11208853575482407
surge,107,recent_mean,5.457142857142857,0.32073887489504616,-0.04869857262804366
surge,107,seasonal_naive,6.79047619047619,0.3991043940666107,-0.07500699692135461
surge,107,blended,5.261904761904762,0.30926392387349566,-0.0982367758186398
surge,108,recent_mean,4.890476190476191,0.2852777777777778,-0.11583333333333333
surge,108,seasonal_naive,6.1571428571428575,0.3591666666666667,-0.18583333333333332
surge,108,blended,4.966666666666667,0.2897222222222222,-0.14416666666666667
surge,109,recent_mean,5.495238095238095,0.31004836109618483,-0.06286942504030091
surge,109,seasonal_naive,6.933333333333334,0.3911875335840946,-0.09081139172487909
surge,109,blended,5.328571428571428,0.30064481461579795,-0.11203653949489521
surge,110,recent_mean,5.604761904761904,0.32630995286942055,-0.02301081230939839
surge,110,seasonal_naive,7.061904761904762,0.41114499584141945,-0.08400332686443028
surge,110,blended,5.366666666666666,0.31244801774327696,-0.07457721097865262
surge,111,recent_mean,5.142857142857143,0.294197766276219,-0.07245982021247617
surge,111,seasonal_naive,6.59047619047619,0.37700898937619176,-0.1269408880414056
surge,111,blended,5.247619047619048,0.30019068373740126,-0.11386543176246254
surge,112,recent_mean,4.5476190476190474,0.263448275862069,-0.08358620689655172
surge,112,seasonal_naive,6.276190476190476,0.36358620689655174,-0.14786206896551723
surge,112,blended,4.623809523809523,0.26786206896551723,-0.12827586206896552
supply_shock,101,recent_mean,4.428571428571429,0.3192584963954686,0.013731548232063165
supply_shock,101,seasonal_naive,5.980952380952381,0.4311706144867834,0.032955715756951595
supply_shock,101,blended,4.352380952380952,0.3137658771026433,0.006179196704428424
supply_shock,102,recent_mean,3.9095238095238094,0.32082844861273935,-0.04181320828448613
supply_shock,102,seasonal_naive,5.485714285714286,0.4501758499413834,-0.039077764751856196
supply_shock,102,blended,4.038095238095238,0.3313794450957405,-0.0031262211801484957
supply_shock,103,recent_mean,4.357142857142857,0.32435306628855015,0.0024813895781637717
supply_shock,103,seasonal_naive,5.042857142857143,0.37539879475363347,0.006026231832683446
supply_shock,103,blended,4.119047619047619,0.3066288550159518,0.01098901098901099
supply_shock,104,recent_mean,4.580952380952381,0.34641699675909254,-0.008642419877565718
supply_shock,104,seasonal_naive,5.380952380952381,0.40691393590205255,-0.006481814908174289
supply_shock,104,blended,4.3428571428571425,0.3284119553474973,0.011523226503420959
supply_shock,105,recent_mean,4.1380952380952385,0.3203096203464799,-0.01142646516771102
supply_shock,105,seasonal_naive,5.419047619047619,0.41946185035016587,-0.012532252119424991
supply_shock,105,blended,3.7857142857142856,0.29303354220420197,-0.008477699963140435
supply_shock,106,recent_mean,3.5952380952380953,0.2777777777777778,-0.012877115526122149
supply_shock,106,seasonal_naive,4.652380952380953,0.35945548197203825,-0.02832965415746873
supply_shock,106,blended,3.5095238095238095,0.27115526122148637,-0.0025754231052244297
supply_shock,107,recent_mean,4.585714285714285,0.34016248675379723,0.01660190745319675
supply_shock,107,seasonal_naive,5.695238095238095,0.42246555987283646,0.03956199222889439
supply_shock,107,blended,4.404761904761905,0.32673966796185094,0.006004945249028612
supply_shock,108,recent_mean,3.7,0.2803030303030303,-0.05663780663780664
supply_shock,108,seasonal_naive,4.633333333333334,0.351010101010101,-0.07251082251082251
supply_shock,108,blended,3.7142857142857144,0.2813852813852814,-0.03607503607503607
supply_shock,109,recent_mean,4.280952380952381,0.3165492957746479,0.00528169014084507
supply_shock,109,seasonal_naive,4.947619047619048,0.3658450704225352,0.025704225352112677
supply_shock,109,blended,4.09047619047619,0.30246478873239435,0.007394366197183098
supply_shock,110,recent_mean,4.2,0.3172661870503597,0.04316546762589928
supply_shock,110,seasonal_naive,5.1571428571428575,0.389568345323741,0.05575539568345324
supply_shock,110,blended,4.0,0.302158273381295,0.04460431654676259
supply_shock,111,recent_mean,4.033333333333333,0.29450625869262864,-0.006606397774687065
supply_shock,111,seasonal_naive,4.833333333333333,0.35292072322670376,-0.01773296244784423
supply_shock,111,blended,3.8333333333333335,0.27990264255910985,-0.0038247566063977748
supply_shock,112,recent_mean,3.861904761904762,0.29026485325697926,-0.0046528274874731565
supply_shock,112,seasonal_naive,5.461904761904762,0.4105225483178239,-0.016105941302791697
supply_shock,112,blended,3.7523809523809524,0.28203292770221905,-0.004294917680744453
