factor,level,policy,n,economic_value,economic_value_ci95,fill_rate,fill_rate_ci95,worst_channel_fill,worst_channel_fill_ci95,holding,holding_ci95,shortage_penalty,shortage_penalty_ci95,shipping,shipping_ci95,forecast_wape,forecast_wape_ci95,fallback_days,limit_days
capacity,0.7,base_stock,6,72077.28333333334,798.8781242192539,0.9226326150244253,0.02681023980156634,0.8946274338070487,0.03796087038465751,2859.0499999999997,366.8643806547699,2174.6666666666665,850.0202382089465,20316.5,1426.9469504498295,0.29324576573159383,0.024984052386923854,0,0
capacity,0.7,mpc_safety,6,82731.05,3191.3718921885516,0.9458812220608289,0.024631200191507396,0.9136549908557066,0.03495408921994207,1731.4499999999998,113.95944783212866,1672.6666666666667,798.0400645816247,14267.83333333333,459.6126216815279,0.29324576573159383,0.024984052386923854,0,0
capacity,1.0,base_stock,6,81627.91666666667,3260.6867904094115,0.9724393678852629,0.020590829219668667,0.9540231925050779,0.0234648103910316,2468.65,431.16457711657847,842.3333333333334,624.0074095679644,19286.933333333334,759.5286123961953,0.29324576573159383,0.024984052386923854,0,0
capacity,1.0,mpc_safety,6,83663.06666666667,3398.242825168778,0.9515966991900608,0.02422753566904964,0.9226693455435558,0.03934958398041885,1768.6000000000001,147.95885865280837,1479.8333333333333,780.3558303882113,14323.833333333334,491.9483392023411,0.29324576573159383,0.024984052386923854,0,0
capacity,1.3,base_stock,6,81936.56666666667,3249.250558911509,0.9763118267174625,0.018763381215105252,0.95829285500211,0.02163700363157262,2413.0,437.66080437253623,745.0,571.06928150384,19680.766666666666,994.8818254191107,0.29324576573159383,0.024984052386923854,0,0
capacity,1.3,mpc_safety,6,83816.5,3601.069434598173,0.9533337382794365,0.022851022683719767,0.9279677185440551,0.03344428172803227,1774.1000000000001,129.89437695646538,1462.1666666666667,746.9025703117277,14351.233333333332,689.163985741204,0.29324576573159383,0.024984052386923854,0,0
holding_cost,0.5,base_stock,6,82862.24166666665,3192.7962030458843,0.9724393678852629,0.020590829219668667,0.9540231925050779,0.0234648103910316,1234.325,215.58228855828924,842.3333333333334,624.0074095679644,19286.933333333334,759.5286123961953,0.29324576573159383,0.024984052386923854,0,0
holding_cost,0.5,mpc_safety,6,84562.46666666667,3348.2250927041346,0.9518156258105043,0.022948900022349422,0.9227913495074528,0.03392025328700527,891.1,70.97087356588894,1486.6666666666667,740.5818063295447,14331.599999999999,518.67825836115,0.29324576573159383,0.024984052386923854,0,0
holding_cost,1.0,base_stock,6,81627.91666666667,3260.6867904094115,0.9724393678852629,0.020590829219668667,0.9540231925050779,0.0234648103910316,2468.65,431.16457711657847,842.3333333333334,624.0074095679644,19286.933333333334,759.5286123961953,0.29324576573159383,0.024984052386923854,0,0
holding_cost,1.0,mpc_safety,6,83663.06666666667,3398.242825168778,0.9515966991900608,0.02422753566904964,0.9226693455435558,0.03934958398041885,1768.6000000000001,147.95885865280837,1479.8333333333333,780.3558303882113,14323.833333333334,491.9483392023411,0.29324576573159383,0.024984052386923854,0,0
holding_cost,2.0,base_stock,6,79159.26666666666,3433.248343176313,0.9724393678852629,0.020590829219668667,0.9540231925050779,0.0234648103910316,4937.3,862.3291542331569,842.3333333333334,624.0074095679644,19286.933333333334,759.5286123961953,0.29324576573159383,0.024984052386923854,0,0
holding_cost,2.0,mpc_safety,6,81916.5,3294.925098419689,0.9515696179581673,0.023590317250416073,0.9225186424095977,0.03513629469861568,3548.6,285.7643578008399,1478.8333333333333,763.214481983955,14343.566666666666,606.274065327509,0.29324576573159383,0.024984052386923854,0,0
service_target,0.6,base_stock,6,81627.91666666667,3260.6867904094115,0.9724393678852629,0.020590829219668667,0.9540231925050779,0.0234648103910316,2468.65,431.16457711657847,842.3333333333334,624.0074095679644,19286.933333333334,759.5286123961953,0.29324576573159383,0.024984052386923854,0,0
service_target,0.6,mpc_safety,6,83731.06666666667,3271.4903945440064,0.9521099090036714,0.023938816839239135,0.920837843712054,0.042654062300543395,1775.1999999999998,138.95624822067893,1463.3333333333333,759.0612791849637,14374.9,599.8082463704771,0.29324576573159383,0.024984052386923854,0,0
service_target,0.8,base_stock,6,81627.91666666667,3260.6867904094115,0.9724393678852629,0.020590829219668667,0.9540231925050779,0.0234648103910316,2468.65,431.16457711657847,842.3333333333334,624.0074095679644,19286.933333333334,759.5286123961953,0.29324576573159383,0.024984052386923854,0,0
service_target,0.8,mpc_safety,6,83663.06666666667,3398.242825168778,0.9515966991900608,0.02422753566904964,0.9226693455435558,0.03934958398041885,1768.6000000000001,147.95885865280837,1479.8333333333333,780.3558303882113,14323.833333333334,491.9483392023411,0.29324576573159383,0.024984052386923854,0,0
service_target,0.95,base_stock,6,81627.91666666667,3260.6867904094115,0.9724393678852629,0.020590829219668667,0.9540231925050779,0.0234648103910316,2468.65,431.16457711657847,842.3333333333334,624.0074095679644,19286.933333333334,759.5286123961953,0.29324576573159383,0.024984052386923854,0,0
service_target,0.95,mpc_safety,6,83284.11666666667,3432.846997648544,0.9580291756389282,0.019986186061493386,0.9406511268527339,0.026127102477619013,1763.55,141.96452162473315,1397.0,723.0022084067323,14920.833333333334,1074.286448212251,0.29324576573159383,0.024984052386923854,0,0
shortage_cost,0.5,base_stock,6,82049.08333333333,3375.558837743564,0.9724393678852629,0.020590829219668667,0.9540231925050779,0.0234648103910316,2468.65,431.16457711657847,421.1666666666667,312.0037047839822,19286.933333333334,759.5286123961953,0.29324576573159383,0.024984052386923854,0,0
shortage_cost,0.5,mpc_safety,6,84623.53333333333,3336.5929967970924,0.9475907180148359,0.023719103520520004,0.9058342633989681,0.04519561206614056,1770.3,148.4408517110206,776.1666666666666,365.04203024972713,14021.5,562.0561243598307,0.29324576573159383,0.024984052386923854,0,0
shortage_cost,1.0,base_stock,6,81627.91666666667,3260.6867904094115,0.9724393678852629,0.020590829219668667,0.9540231925050779,0.0234648103910316,2468.65,431.16457711657847,842.3333333333334,624.0074095679644,19286.933333333334,759.5286123961953,0.29324576573159383,0.024984052386923854,0,0
shortage_cost,1.0,mpc_safety,6,83663.06666666667,3398.242825168778,0.9515966991900608,0.02422753566904964,0.9226693455435558,0.03934958398041885,1768.6000000000001,147.95885865280837,1479.8333333333333,780.3558303882113,14323.833333333334,491.9483392023411,0.29324576573159383,0.024984052386923854,0,0
shortage_cost,2.0,base_stock,6,80785.58333333333,3113.120295155248,0.9724393678852629,0.020590829219668667,0.9540231925050779,0.0234648103910316,2468.65,431.16457711657847,1684.6666666666667,1248.0148191359287,19286.933333333334,759.5286123961953,0.29324576573159383,0.024984052386923854,0,0
shortage_cost,2.0,mpc_safety,6,81685.83333333333,3926.682777876138,0.9595376710065483,0.01825733341878696,0.9389924065177334,0.02577821765040832,1772.0000000000002,139.62358441259516,2718.3333333333335,1259.811302010009,15356.333333333334,1592.6320225148586,0.29324576573159383,0.024984052386923854,0,0
