factor,level,seed,regime,policy,days,horizon,economic_value,fill_rate,worst_channel_fill,demand,sold,terminal_units,terminal_salvage,initial_inventory_charge,forecast_wape,fallback_days,limit_days,max_mip_gap,mean_solve_seconds,max_variables,max_constraints,demand_sha256,revenue,procurement,shipping,dispatch,holding,shortage_penalty,express_units,ground_units,active_dispatches
service_target,0.6,201,normal,base_stock,21,5,87188.5,0.967896174863388,0.9488636363636364,2928,2834,22,968.0,50235.0,0.3145491803278688,0,0,0.0,0.0,0,0,12e93cb9084364d9d6ebfef7dc68561758a2757f6f04941411e8fb5edf2803be,303365.0,141975.0,18889.4,2920.0,2156.1,969.0,71,2519,195
service_target,0.6,201,normal,mpc_safety,21,5,86429.9,0.9419398907103825,0.9071428571428571,2928,2758,28,1712.0,50235.0,0.3145491803278688,0,0,0.011971708987505443,0.038847538095156085,720,370,12e93cb9084364d9d6ebfef7dc68561758a2757f6f04941411e8fb5edf2803be,293228.0,136075.0,15214.4,3568.0,1649.6999999999998,1768.0,698,1818,202
service_target,0.6,202,normal,base_stock,21,5,79358.0,0.9889380530973452,0.9792682926829268,2712,2682,146,8424.0,50235.0,0.2842920353982301,0,0,0.0,0.0,0,0,b7561ea927333787037cd2dd8a05e0a31b4802e0d7dd919a6136057069510e4c,288237.0,141760.0,19550.2,2690.0,2815.7999999999997,252.0,63,2448,185
service_target,0.6,202,normal,mpc_safety,21,5,82434.7,0.9601769911504425,0.9260450160771704,2712,2604,109,5948.0,50235.0,0.2842920353982301,0,0,0.013332779708591539,0.04227144761777405,720,370,b7561ea927333787037cd2dd8a05e0a31b4802e0d7dd919a6136057069510e4c,279171.0,132515.0,13714.2,3320.0,1889.1,1011.0,527,1853,190
service_target,0.6,203,normal,base_stock,21,5,82134.0,0.9917117117117117,0.976,2775,2752,60,2952.0,50235.0,0.24972972972972973,0,0,0.0,0.0,0,0,0587c31d467d77dc28ef249d8776ee5f2050cc485f61fd1a8bc8d9f60b178193,294742.0,138840.0,20343.4,2712.0,3084.6,345.0,21,2525,188
service_target,0.6,203,normal,mpc_safety,21,5,88147.20000000001,0.9823423423423423,0.9734299516908212,2775,2726,40,1968.0,50235.0,0.24972972972972973,0,0,0.012466922151959074,0.03817332857232984,720,370,0587c31d467d77dc28ef249d8776ee5f2050cc485f61fd1a8bc8d9f60b178193,291450.0,135285.0,13753.8,3494.0,1917.0,586.0,416,2084,201
service_target,0.6,204,normal,base_stock,21,5,81531.0,0.9546084546084546,0.9278937381404174,2886,2755,95,6500.0,50235.0,0.305959805959806,0,0,0.0,0.0,0,0,e5e0fbd6cdd9269729891ac7fce9dff2948c1a21aa51e06d9024bdfe4633dd4c,294173.0,142255.0,19791.4,3174.0,2199.6,1487.0,233,2346,201
service_target,0.6,204,normal,mpc_safety,21,5,83102.5,0.9230769230769231,0.8602825745682888,2886,2664,86,5692.0,50235.0,0.305959805959806,0,0,0.013076659596584366,0.07870368095193823,720,370,e5e0fbd6cdd9269729891ac7fce9dff2948c1a21aa51e06d9024bdfe4633dd4c,283630.0,133905.0,14576.4,3454.0,1652.1,2397.0,595,1865,196
service_target,0.6,205,normal,base_stock,21,5,78183.09999999999,0.9863920559029055,0.962536023054755,2719,2682,82,4712.0,50235.0,0.3085693269584406,0,0,0.0,0.0,0,0,b79c1afafa8b8ba1344bbaa514e286e492349c4e21638766826e57a9df6d9578,279918.0,131895.0,18615.0,2786.0,2502.9,413.0,56,2419,189
service_target,0.6,205,normal,mpc_safety,21,5,79366.8,0.9709452004413387,0.9562398703403565,2719,2640,82,4756.0,50235.0,0.3085693269584406,0,0,0.014846088294963013,0.038290633333547576,720,370,b79c1afafa8b8ba1344bbaa514e286e492349c4e21638766826e57a9df6d9578,273764.0,127860.0,14630.8,3618.0,1880.4,929.0,737,1690,202
service_target,0.6,206,normal,base_stock,21,5,81372.9,0.9450897571277719,0.9295774647887324,2841,2685,6,480.0,50235.0,0.2963745160154875,0,0,0.0,0.0,0,0,79cf9e30c039595078557482face4ab21028c27868112e6a8ffb98d4e66f6fca,287141.0,130920.0,18532.2,2920.0,2052.9,1588.0,57,2368,195
service_target,0.6,206,normal,mpc_safety,21,5,82905.29999999999,0.9341781063005984,0.9018867924528302,2841,2654,5,400.0,50235.0,0.2963745160154875,0,0,0.013551801207378974,0.03701958095223831,720,370,79cf9e30c039595078557482face4ab21028c27868112e6a8ffb98d4e66f6fca,282342.0,127720.0,14359.8,3770.0,1662.8999999999999,2089.0,594,1799,210
service_target,0.8,201,normal,base_stock,21,5,87188.5,0.967896174863388,0.9488636363636364,2928,2834,22,968.0,50235.0,0.3145491803278688,0,0,0.0,0.0,0,0,12e93cb9084364d9d6ebfef7dc68561758a2757f6f04941411e8fb5edf2803be,303365.0,141975.0,18889.4,2920.0,2156.1,969.0,71,2519,195
service_target,0.8,201,normal,mpc_safety,21,5,86867.20000000001,0.9388661202185792,0.9071428571428571,2928,2749,29,1836.0,50235.0,0.3145491803278688,0,0,0.015449415736794333,0.10479340476116963,720,370,12e93cb9084364d9d6ebfef7dc68561758a2757f6f04941411e8fb5edf2803be,292784.0,135825.0,14774.8,3522.0,1605.0,1791.0,637,1868,198
service_target,0.8,202,normal,base_stock,21,5,79358.0,0.9889380530973452,0.9792682926829268,2712,2682,146,8424.0,50235.0,0.2842920353982301,0,0,0.0,0.0,0,0,b7561ea927333787037cd2dd8a05e0a31b4802e0d7dd919a6136057069510e4c,288237.0,141760.0,19550.2,2690.0,2815.7999999999997,252.0,63,2448,185
service_target,0.8,202,normal,mpc_safety,21,5,82434.7,0.9601769911504425,0.9260450160771704,2712,2604,109,5948.0,50235.0,0.2842920353982301,0,0,0.013332779708591539,0.04148178571354254,720,370,b7561ea927333787037cd2dd8a05e0a31b4802e0d7dd919a6136057069510e4c,279171.0,132515.0,13714.2,3320.0,1889.1,1011.0,527,1853,190
service_target,0.8,203,normal,base_stock,21,5,82134.0,0.9917117117117117,0.976,2775,2752,60,2952.0,50235.0,0.24972972972972973,0,0,0.0,0.0,0,0,0587c31d467d77dc28ef249d8776ee5f2050cc485f61fd1a8bc8d9f60b178193,294742.0,138840.0,20343.4,2712.0,3084.6,345.0,21,2525,188
service_target,0.8,203,normal,mpc_safety,21,5,88118.0,0.9823423423423423,0.9734299516908212,2775,2726,40,1968.0,50235.0,0.24972972972972973,0,0,0.012466922151959074,0.03709078095319759,720,370,0587c31d467d77dc28ef249d8776ee5f2050cc485f61fd1a8bc8d9f60b178193,291450.0,135285.0,13773.0,3504.0,1917.0,586.0,416,2084,201
service_target,0.8,204,normal,base_stock,21,5,81531.0,0.9546084546084546,0.9278937381404174,2886,2755,95,6500.0,50235.0,0.305959805959806,0,0,0.0,0.0,0,0,e5e0fbd6cdd9269729891ac7fce9dff2948c1a21aa51e06d9024bdfe4633dd4c,294173.0,142255.0,19791.4,3174.0,2199.6,1487.0,233,2346,201
service_target,0.8,204,normal,mpc_safety,21,5,82407.6,0.9234234234234234,0.8712715855572999,2886,2665,88,5852.0,50235.0,0.305959805959806,0,0,0.015170812270468431,0.03665800476231934,720,370,e5e0fbd6cdd9269729891ac7fce9dff2948c1a21aa51e06d9024bdfe4633dd4c,283256.0,134040.0,14675.199999999999,3636.0,1657.2,2457.0,616,1843,204
service_target,0.8,205,normal,base_stock,21,5,78183.09999999999,0.9863920559029055,0.962536023054755,2719,2682,82,4712.0,50235.0,0.3085693269584406,0,0,0.0,0.0,0,0,b79c1afafa8b8ba1344bbaa514e286e492349c4e21638766826e57a9df6d9578,279918.0,131895.0,18615.0,2786.0,2502.9,413.0,56,2419,189
service_target,0.8,205,normal,mpc_safety,21,5,79366.8,0.9709452004413387,0.9562398703403565,2719,2640,82,4756.0,50235.0,0.3085693269584406,0,0,0.014846088294963013,0.036322357143078646,720,370,b79c1afafa8b8ba1344bbaa514e286e492349c4e21638766826e57a9df6d9578,273764.0,127860.0,14630.8,3618.0,1880.4,929.0,737,1690,202
service_target,0.8,206,normal,base_stock,21,5,81372.9,0.9450897571277719,0.9295774647887324,2841,2685,6,480.0,50235.0,0.2963745160154875,0,0,0.0,0.0,0,0,79cf9e30c039595078557482face4ab21028c27868112e6a8ffb98d4e66f6fca,287141.0,130920.0,18532.2,2920.0,2052.9,1588.0,57,2368,195
service_target,0.8,206,normal,mpc_safety,21,5,82784.1,0.933826117564238,0.9018867924528302,2841,2653,6,480.0,50235.0,0.2963745160154875,0,0,0.013551801207378974,0.039927861903769166,720,370,79cf9e30c039595078557482face4ab21028c27868112e6a8ffb98d4e66f6fca,282148.0,127720.0,14375.0,3746.0,1662.8999999999999,2105.0,595,1798,209
service_target,0.95,201,normal,base_stock,21,5,87188.5,0.967896174863388,0.9488636363636364,2928,2834,22,968.0,50235.0,0.3145491803278688,0,0,0.0,0.0,0,0,12e93cb9084364d9d6ebfef7dc68561758a2757f6f04941411e8fb5edf2803be,303365.0,141975.0,18889.4,2920.0,2156.1,969.0,71,2519,195
service_target,0.95,201,normal,mpc_safety,21,5,85520.0,0.9511612021857924,0.9264413518886679,2928,2785,30,1872.0,50235.0,0.3145491803278688,0,0,0.014440951435538207,0.17634703809640737,720,370,12e93cb9084364d9d6ebfef7dc68561758a2757f6f04941411e8fb5edf2803be,293863.0,136995.0,15887.6,3790.0,1622.3999999999999,1685.0,851,1695,210
service_target,0.95,202,normal,base_stock,21,5,79358.0,0.9889380530973452,0.9792682926829268,2712,2682,146,8424.0,50235.0,0.2842920353982301,0,0,0.0,0.0,0,0,b7561ea927333787037cd2dd8a05e0a31b4802e0d7dd919a6136057069510e4c,288237.0,141760.0,19550.2,2690.0,2815.7999999999997,252.0,63,2448,185
service_target,0.95,202,normal,mpc_safety,21,5,82563.6,0.9690265486725663,0.9524390243902439,2712,2628,90,5264.0,50235.0,0.2842920353982301,0,0,0.01631990606533747,0.07627736666645865,720,370,b7561ea927333787037cd2dd8a05e0a31b4802e0d7dd919a6136057069510e4c,280755.0,132795.0,14234.2,3474.0,1852.2,865.0,621,1782,196
service_target,0.95,203,normal,base_stock,21,5,82134.0,0.9917117117117117,0.976,2775,2752,60,2952.0,50235.0,0.24972972972972973,0,0,0.0,0.0,0,0,0587c31d467d77dc28ef249d8776ee5f2050cc485f61fd1a8bc8d9f60b178193,294742.0,138840.0,20343.4,2712.0,3084.6,345.0,21,2525,188
service_target,0.95,203,normal,mpc_safety,21,5,88288.70000000001,0.9812612612612612,0.9741935483870968,2775,2723,38,1808.0,50235.0,0.24972972972972973,0,0,0.01376485896258298,0.03970475714352991,720,370,0587c31d467d77dc28ef249d8776ee5f2050cc485f61fd1a8bc8d9f60b178193,291104.0,134785.0,13605.6,3436.0,1937.6999999999998,624.0,403,2092,199
service_target,0.95,204,normal,base_stock,21,5,81531.0,0.9546084546084546,0.9278937381404174,2886,2755,95,6500.0,50235.0,0.305959805959806,0,0,0.0,0.0,0,0,e5e0fbd6cdd9269729891ac7fce9dff2948c1a21aa51e06d9024bdfe4633dd4c,294173.0,142255.0,19791.4,3174.0,2199.6,1487.0,233,2346,201
service_target,0.95,204,normal,mpc_safety,21,5,80732.8,0.9362439362439362,0.9184060721062619,2886,2702,89,5888.0,50235.0,0.305959805959806,0,0,0.016849367683628685,0.0803142523807418,720,370,e5e0fbd6cdd9269729891ac7fce9dff2948c1a21aa51e06d9024bdfe4633dd4c,284263.0,134980.0,16337.4,3876.0,1666.8,2323.0,904,1591,214
service_target,0.95,205,normal,base_stock,21,5,78183.09999999999,0.9863920559029055,0.962536023054755,2719,2682,82,4712.0,50235.0,0.3085693269584406,0,0,0.0,0.0,0,0,b79c1afafa8b8ba1344bbaa514e286e492349c4e21638766826e57a9df6d9578,279918.0,131895.0,18615.0,2786.0,2502.9,413.0,56,2419,189
service_target,0.95,205,normal,mpc_safety,21,5,79231.8,0.9727841118058109,0.9596541786743515,2719,2645,78,4524.0,50235.0,0.3085693269584406,0,0,0.015589425854910442,0.04094725238038726,720,370,b79c1afafa8b8ba1344bbaa514e286e492349c4e21638766826e57a9df6d9578,273903.0,127685.0,14840.199999999999,3656.0,1860.0,919.0,765,1667,204
service_target,0.95,206,normal,base_stock,21,5,81372.9,0.9450897571277719,0.9295774647887324,2841,2685,6,480.0,50235.0,0.2963745160154875,0,0,0.0,0.0,0,0,79cf9e30c039595078557482face4ab21028c27868112e6a8ffb98d4e66f6fca,287141.0,130920.0,18532.2,2920.0,2052.9,1588.0,57,2368,195
service_target,0.95,206,normal,mpc_safety,21,5,83367.79999999999,0.9376979936642027,0.9127725856697819,2841,2664,5,400.0,50235.0,0.2963745160154875,0,0,0.016630497640765407,0.04190278571401168,720,370,79cf9e30c039595078557482face4ab21028c27868112e6a8ffb98d4e66f6fca,283250.0,128225.0,14620.0,3594.0,1642.2,1966.0,644,1759,201
shortage_cost,0.5,201,normal,base_stock,21,5,87673.0,0.967896174863388,0.9488636363636364,2928,2834,22,968.0,50235.0,0.3145491803278688,0,0,0.0,0.0,0,0,12e93cb9084364d9d6ebfef7dc68561758a2757f6f04941411e8fb5edf2803be,303365.0,141975.0,18889.4,2920.0,2156.1,484.5,71,2519,195
shortage_cost,0.5,201,normal,mpc_safety,21,5,87856.1,0.9378415300546448,0.8971428571428571,2928,2746,29,1660.0,50235.0,0.3145491803278688,0,0,0.015673146018498663,0.08554446666676085,720,370,12e93cb9084364d9d6ebfef7dc68561758a2757f6f04941411e8fb5edf2803be,292113.0,135030.0,14601.199999999999,3516.0,1634.6999999999998,900.0,627,1882,199
shortage_cost,0.5,202,normal,base_stock,21,5,79484.0,0.9889380530973452,0.9792682926829268,2712,2682,146,8424.0,50235.0,0.2842920353982301,0,0,0.0,0.0,0,0,b7561ea927333787037cd2dd8a05e0a31b4802e0d7dd919a6136057069510e4c,288237.0,141760.0,19550.2,2690.0,2815.7999999999997,126.0,63,2448,185
shortage_cost,0.5,202,normal,mpc_safety,21,5,83261.5,0.9564896755162242,0.9083601286173634,2712,2594,105,5848.0,50235.0,0.2842920353982301,0,0,0.011736694791082945,0.04048325238199184,720,370,b7561ea927333787037cd2dd8a05e0a31b4802e0d7dd919a6136057069510e4c,278178.0,131610.0,13362.8,3136.0,1871.7,549.0,470,1904,184
shortage_cost,0.5,203,normal,base_stock,21,5,82306.5,0.9917117117117117,0.976,2775,2752,60,2952.0,50235.0,0.24972972972972973,0,0,0.0,0.0,0,0,0587c31d467d77dc28ef249d8776ee5f2050cc485f61fd1a8bc8d9f60b178193,294742.0,138840.0,20343.4,2712.0,3084.6,172.5,21,2525,188
shortage_cost,0.5,203,normal,mpc_safety,21,5,88603.6,0.9787387387387387,0.9661290322580646,2775,2716,40,1968.0,50235.0,0.24972972972972973,0,0,0.012987131911676705,0.03859842857214278,720,370,0587c31d467d77dc28ef249d8776ee5f2050cc485f61fd1a8bc8d9f60b178193,290438.0,134615.0,13371.6,3288.0,1938.3,354.5,357,2133,192
shortage_cost,0.5,204,normal,base_stock,21,5,82274.5,0.9546084546084546,0.9278937381404174,2886,2755,95,6500.0,50235.0,0.305959805959806,0,0,0.0,0.0,0,0,e5e0fbd6cdd9269729891ac7fce9dff2948c1a21aa51e06d9024bdfe4633dd4c,294173.0,142255.0,19791.4,3174.0,2199.6,743.5,233,2346,201
shortage_cost,0.5,204,normal,mpc_safety,21,5,84106.59999999999,0.9171864171864171,0.8351648351648352,2886,2647,88,5852.0,50235.0,0.305959805959806,0,0,0.015049909717894572,0.17886341428536634,720,370,e5e0fbd6cdd9269729891ac7fce9dff2948c1a21aa51e06d9024bdfe4633dd4c,282501.0,133340.0,14290.6,3486.0,1638.3,1256.5,539,1908,199
shortage_cost,0.5,205,normal,base_stock,21,5,78389.59999999999,0.9863920559029055,0.962536023054755,2719,2682,82,4712.0,50235.0,0.3085693269584406,0,0,0.0,0.0,0,0,b79c1afafa8b8ba1344bbaa514e286e492349c4e21638766826e57a9df6d9578,279918.0,131895.0,18615.0,2786.0,2502.9,206.5,56,2419,189
shortage_cost,0.5,205,normal,mpc_safety,21,5,79968.4,0.9632217727105553,0.9286871961102107,2719,2619,70,4412.0,50235.0,0.3085693269584406,0,0,0.013219052824064931,0.039639566667097996,720,370,b79c1afafa8b8ba1344bbaa514e286e492349c4e21638766826e57a9df6d9578,272223.0,126375.0,14072.8,3556.0,1882.8,545.0,645,1762,199
shortage_cost,0.5,206,normal,base_stock,21,5,82166.9,0.9450897571277719,0.9295774647887324,2841,2685,6,480.0,50235.0,0.2963745160154875,0,0,0.0,0.0,0,0,79cf9e30c039595078557482face4ab21028c27868112e6a8ffb98d4e66f6fca,287141.0,130920.0,18532.2,2920.0,2052.9,794.0,57,2368,195
shortage_cost,0.5,206,normal,mpc_safety,21,5,83945.0,0.9320661738824357,0.8995215311004785,2841,2648,10,800.0,50235.0,0.2963745160154875,0,0,0.013553794106856004,0.04010001428555586,720,370,79cf9e30c039595078557482face4ab21028c27868112e6a8ffb98d4e66f6fca,282115.0,128005.0,14430.0,3592.0,1656.0,1052.0,580,1812,203
shortage_cost,1.0,201,normal,base_stock,21,5,87188.5,0.967896174863388,0.9488636363636364,2928,2834,22,968.0,50235.0,0.3145491803278688,0,0,0.0,0.0,0,0,12e93cb9084364d9d6ebfef7dc68561758a2757f6f04941411e8fb5edf2803be,303365.0,141975.0,18889.4,2920.0,2156.1,969.0,71,2519,195
shortage_cost,1.0,201,normal,mpc_safety,21,5,86867.20000000001,0.9388661202185792,0.9071428571428571,2928,2749,29,1836.0,50235.0,0.3145491803278688,0,0,0.015449415736794333,0.10479340476116963,720,370,12e93cb9084364d9d6ebfef7dc68561758a2757f6f04941411e8fb5edf2803be,292784.0,135825.0,14774.8,3522.0,1605.0,1791.0,637,1868,198
shortage_cost,1.0,202,normal,base_stock,21,5,79358.0,0.9889380530973452,0.9792682926829268,2712,2682,146,8424.0,50235.0,0.2842920353982301,0,0,0.0,0.0,0,0,b7561ea927333787037cd2dd8a05e0a31b4802e0d7dd919a6136057069510e4c,288237.0,141760.0,19550.2,2690.0,2815.7999999999997,252.0,63,2448,185
shortage_cost,1.0,202,normal,mpc_safety,21,5,82434.7,0.9601769911504425,0.9260450160771704,2712,2604,109,5948.0,50235.0,0.2842920353982301,0,0,0.013332779708591539,0.04148178571354254,720,370,b7561ea927333787037cd2dd8a05e0a31b4802e0d7dd919a6136057069510e4c,279171.0,132515.0,13714.2,3320.0,1889.1,1011.0,527,1853,190
shortage_cost,1.0,203,normal,base_stock,21,5,82134.0,0.9917117117117117,0.976,2775,2752,60,2952.0,50235.0,0.24972972972972973,0,0,0.0,0.0,0,0,0587c31d467d77dc28ef249d8776ee5f2050cc485f61fd1a8bc8d9f60b178193,294742.0,138840.0,20343.4,2712.0,3084.6,345.0,21,2525,188
shortage_cost,1.0,203,normal,mpc_safety,21,5,88118.0,0.9823423423423423,0.9734299516908212,2775,2726,40,1968.0,50235.0,0.24972972972972973,0,0,0.012466922151959074,0.03709078095319759,720,370,0587c31d467d77dc28ef249d8776ee5f2050cc485f61fd1a8bc8d9f60b178193,291450.0,135285.0,13773.0,3504.0,1917.0,586.0,416,2084,201
shortage_cost,1.0,204,normal,base_stock,21,5,81531.0,0.9546084546084546,0.9278937381404174,2886,2755,95,6500.0,50235.0,0.305959805959806,0,0,0.0,0.0,0,0,e5e0fbd6cdd9269729891ac7fce9dff2948c1a21aa51e06d9024bdfe4633dd4c,294173.0,142255.0,19791.4,3174.0,2199.6,1487.0,233,2346,201
shortage_cost,1.0,204,normal,mpc_safety,21,5,82407.6,0.9234234234234234,0.8712715855572999,2886,2665,88,5852.0,50235.0,0.305959805959806,0,0,0.015170812270468431,0.03665800476231934,720,370,e5e0fbd6cdd9269729891ac7fce9dff2948c1a21aa51e06d9024bdfe4633dd4c,283256.0,134040.0,14675.199999999999,3636.0,1657.2,2457.0,616,1843,204
shortage_cost,1.0,205,normal,base_stock,21,5,78183.09999999999,0.9863920559029055,0.962536023054755,2719,2682,82,4712.0,50235.0,0.3085693269584406,0,0,0.0,0.0,0,0,b79c1afafa8b8ba1344bbaa514e286e492349c4e21638766826e57a9df6d9578,279918.0,131895.0,18615.0,2786.0,2502.9,413.0,56,2419,189
shortage_cost,1.0,205,normal,mpc_safety,21,5,79366.8,0.9709452004413387,0.9562398703403565,2719,2640,82,4756.0,50235.0,0.3085693269584406,0,0,0.014846088294963013,0.036322357143078646,720,370,b79c1afafa8b8ba1344bbaa514e286e492349c4e21638766826e57a9df6d9578,273764.0,127860.0,14630.8,3618.0,1880.4,929.0,737,1690,202
shortage_cost,1.0,206,normal,base_stock,21,5,81372.9,0.9450897571277719,0.9295774647887324,2841,2685,6,480.0,50235.0,0.2963745160154875,0,0,0.0,0.0,0,0,79cf9e30c039595078557482face4ab21028c27868112e6a8ffb98d4e66f6fca,287141.0,130920.0,18532.2,2920.0,2052.9,1588.0,57,2368,195
shortage_cost,1.0,206,normal,mpc_safety,21,5,82784.1,0.933826117564238,0.9018867924528302,2841,2653,6,480.0,50235.0,0.2963745160154875,0,0,0.013551801207378974,0.039927861903769166,720,370,79cf9e30c039595078557482face4ab21028c27868112e6a8ffb98d4e66f6fca,282148.0,127720.0,14375.0,3746.0,1662.8999999999999,2105.0,595,1798,209
shortage_cost,2.0,201,normal,base_stock,21,5,86219.5,0.967896174863388,0.9488636363636364,2928,2834,22,968.0,50235.0,0.3145491803278688,0,0,0.0,0.0,0,0,12e93cb9084364d9d6ebfef7dc68561758a2757f6f04941411e8fb5edf2803be,303365.0,141975.0,18889.4,2920.0,2156.1,1938.0,71,2519,195
shortage_cost,2.0,201,normal,mpc_safety,21,5,84877.79999999999,0.953551912568306,0.9284294234592445,2928,2792,23,1400.0,50235.0,0.3145491803278688,0,0,0.015230686057864025,0.30028701904804966,720,370,12e93cb9084364d9d6ebfef7dc68561758a2757f6f04941411e8fb5edf2803be,295168.0,137325.0,15979.0,3386.0,1615.2,3150.0,837,1710,189
shortage_cost,2.0,202,normal,base_stock,21,5,79106.0,0.9889380530973452,0.9792682926829268,2712,2682,146,8424.0,50235.0,0.2842920353982301,0,0,0.0,0.0,0,0,b7561ea927333787037cd2dd8a05e0a31b4802e0d7dd919a6136057069510e4c,288237.0,141760.0,19550.2,2690.0,2815.7999999999997,504.0,63,2448,185
shortage_cost,2.0,202,normal,mpc_safety,21,5,81119.7,0.9697640117994101,0.9614147909967846,2712,2630,91,5344.0,50235.0,0.2842920353982301,0,0,0.013383032669131371,0.08962052857151277,720,370,b7561ea927333787037cd2dd8a05e0a31b4802e0d7dd919a6136057069510e4c,280727.0,132985.0,14621.4,3438.0,1887.8999999999999,1784.0,667,1738,192
shortage_cost,2.0,203,normal,base_stock,21,5,81789.0,0.9917117117117117,0.976,2775,2752,60,2952.0,50235.0,0.24972972972972973,0,0,0.0,0.0,0,0,0587c31d467d77dc28ef249d8776ee5f2050cc485f61fd1a8bc8d9f60b178193,294742.0,138840.0,20343.4,2712.0,3084.6,690.0,21,2525,188
shortage_cost,2.0,203,normal,mpc_safety,21,5,87234.79999999999,0.9794594594594594,0.9710144927536232,2775,2718,43,2120.0,50235.0,0.24972972972972973,0,0,0.012250837749487903,0.07302713809518277,720,370,0587c31d467d77dc28ef249d8776ee5f2050cc485f61fd1a8bc8d9f60b178193,290334.0,134785.0,13613.199999999999,3278.0,1932.0,1376.0,407,2088,192
shortage_cost,2.0,204,normal,base_stock,21,5,80044.0,0.9546084546084546,0.9278937381404174,2886,2755,95,6500.0,50235.0,0.305959805959806,0,0,0.0,0.0,0,0,e5e0fbd6cdd9269729891ac7fce9dff2948c1a21aa51e06d9024bdfe4633dd4c,294173.0,142255.0,19791.4,3174.0,2199.6,2974.0,233,2346,201
shortage_cost,2.0,204,normal,mpc_safety,21,5,78185.1,0.9414414414414415,0.920303605313093,2886,2717,88,5852.0,50235.0,0.305959805959806,0,0,0.015977036950855634,0.17064651904781517,720,370,e5e0fbd6cdd9269729891ac7fce9dff2948c1a21aa51e06d9024bdfe4633dd4c,287060.0,136820.0,18037.8,3724.0,1706.1,4204.0,1110,1394,201
shortage_cost,2.0,205,normal,base_stock,21,5,77770.09999999999,0.9863920559029055,0.962536023054755,2719,2682,82,4712.0,50235.0,0.3085693269584406,0,0,0.0,0.0,0,0,b79c1afafa8b8ba1344bbaa514e286e492349c4e21638766826e57a9df6d9578,279918.0,131895.0,18615.0,2786.0,2502.9,826.0,56,2419,189
shortage_cost,2.0,205,normal,mpc_safety,21,5,77687.0,0.9742552408973888,0.9452449567723343,2719,2649,84,5004.0,50235.0,0.3085693269584406,0,0,0.016240564808776985,0.03367037142812651,720,370,b79c1afafa8b8ba1344bbaa514e286e492349c4e21638766826e57a9df6d9578,273920.0,128465.0,15037.8,3776.0,1843.2,1880.0,803,1634,209
shortage_cost,2.0,206,normal,base_stock,21,5,79784.9,0.9450897571277719,0.9295774647887324,2841,2685,6,480.0,50235.0,0.2963745160154875,0,0,0.0,0.0,0,0,79cf9e30c039595078557482face4ab21028c27868112e6a8ffb98d4e66f6fca,287141.0,130920.0,18532.2,2920.0,2052.9,3176.0,57,2368,195
shortage_cost,2.0,206,normal,mpc_safety,21,5,81010.6,0.938753959873284,0.9075471698113208,2841,2667,8,640.0,50235.0,0.2963745160154875,0,0,0.015787929184233083,0.07357185238132453,720,370,79cf9e30c039595078557482face4ab21028c27868112e6a8ffb98d4e66f6fca,283472.0,128770.0,14848.8,3684.0,1647.6,3916.0,675,1734,206
holding_cost,0.5,201,normal,base_stock,21,5,88266.54999999999,0.967896174863388,0.9488636363636364,2928,2834,22,968.0,50235.0,0.3145491803278688,0,0,0.0,0.0,0,0,12e93cb9084364d9d6ebfef7dc68561758a2757f6f04941411e8fb5edf2803be,303365.0,141975.0,18889.4,2920.0,1078.05,969.0,71,2519,195
holding_cost,0.5,201,normal,mpc_safety,21,5,87438.95000000001,0.9392076502732241,0.9057142857142857,2928,2750,24,1480.0,50235.0,0.3145491803278688,0,0,0.01268874779007327,0.1259183238085132,720,370,12e93cb9084364d9d6ebfef7dc68561758a2757f6f04941411e8fb5edf2803be,292316.0,135095.0,14894.0,3488.0,832.05,1813.0,685,1821,197
holding_cost,0.5,202,normal,base_stock,21,5,80765.90000000001,0.9889380530973452,0.9792682926829268,2712,2682,146,8424.0,50235.0,0.2842920353982301,0,0,0.0,0.0,0,0,b7561ea927333787037cd2dd8a05e0a31b4802e0d7dd919a6136057069510e4c,288237.0,141760.0,19550.2,2690.0,1407.8999999999999,252.0,63,2448,185
holding_cost,0.5,202,normal,mpc_safety,21,5,83427.55,0.9623893805309734,0.9292604501607717,2712,2610,103,5732.0,50235.0,0.2842920353982301,0,0,0.015496668734699943,0.03353998571436109,720,370,b7561ea927333787037cd2dd8a05e0a31b4802e0d7dd919a6136057069510e4c,279609.0,132625.0,13732.0,3392.0,933.4499999999999,996.0,523,1862,193
holding_cost,0.5,203,normal,base_stock,21,5,83676.3,0.9917117117117117,0.976,2775,2752,60,2952.0,50235.0,0.24972972972972973,0,0,0.0,0.0,0,0,0587c31d467d77dc28ef249d8776ee5f2050cc485f61fd1a8bc8d9f60b178193,294742.0,138840.0,20343.4,2712.0,1542.3,345.0,21,2525,188
holding_cost,0.5,203,normal,mpc_safety,21,5,89011.29999999999,0.9812612612612612,0.9698067632850241,2775,2723,40,1924.0,50235.0,0.24972972972972973,0,0,0.014132903678572216,0.032544614284623616,720,370,0587c31d467d77dc28ef249d8776ee5f2050cc485f61fd1a8bc8d9f60b178193,291089.0,134985.0,13821.599999999999,3374.0,977.1,609.0,429,2067,196
holding_cost,0.5,204,normal,base_stock,21,5,82630.8,0.9546084546084546,0.9278937381404174,2886,2755,95,6500.0,50235.0,0.305959805959806,0,0,0.0,0.0,0,0,e5e0fbd6cdd9269729891ac7fce9dff2948c1a21aa51e06d9024bdfe4633dd4c,294173.0,142255.0,19791.4,3174.0,1099.8,1487.0,233,2346,201
holding_cost,0.5,204,normal,mpc_safety,21,5,83456.0,0.9255024255024255,0.8838304552590267,2886,2671,87,5728.0,50235.0,0.305959805959806,0,0,0.013244396143204622,0.16650129523761625,720,370,e5e0fbd6cdd9269729891ac7fce9dff2948c1a21aa51e06d9024bdfe4633dd4c,284012.0,134485.0,14856.6,3478.0,836.4,2393.0,630,1834,197
holding_cost,0.5,205,normal,base_stock,21,5,79434.55,0.9863920559029055,0.962536023054755,2719,2682,82,4712.0,50235.0,0.3085693269584406,0,0,0.0,0.0,0,0,b79c1afafa8b8ba1344bbaa514e286e492349c4e21638766826e57a9df6d9578,279918.0,131895.0,18615.0,2786.0,1251.45,413.0,56,2419,189
holding_cost,0.5,205,normal,mpc_safety,21,5,80097.65000000001,0.9680029422581832,0.9481361426256077,2719,2632,81,4852.0,50235.0,0.3085693269584406,0,0,0.014735457976384708,0.03419680952391077,720,370,b79c1afafa8b8ba1344bbaa514e286e492349c4e21638766826e57a9df6d9578,272681.0,127235.0,14412.0,3576.0,943.35,1034.0,712,1707,199
holding_cost,0.5,206,normal,base_stock,21,5,82399.35,0.9450897571277719,0.9295774647887324,2841,2685,6,480.0,50235.0,0.2963745160154875,0,0,0.0,0.0,0,0,79cf9e30c039595078557482face4ab21028c27868112e6a8ffb98d4e66f6fca,287141.0,130920.0,18532.2,2920.0,1026.45,1588.0,57,2368,195
holding_cost,0.5,206,normal,mpc_safety,21,5,83943.35,0.9345300950369588,0.9,2841,2655,5,400.0,50235.0,0.2963745160154875,0,0,0.013407792322005443,0.03365172380948761,720,370,79cf9e30c039595078557482face4ab21028c27868112e6a8ffb98d4e66f6fca,282441.0,127820.0,14273.4,3670.0,824.25,2075.0,585,1809,205
holding_cost,1.0,201,normal,base_stock,21,5,87188.5,0.967896174863388,0.9488636363636364,2928,2834,22,968.0,50235.0,0.3145491803278688,0,0,0.0,0.0,0,0,12e93cb9084364d9d6ebfef7dc68561758a2757f6f04941411e8fb5edf2803be,303365.0,141975.0,18889.4,2920.0,2156.1,969.0,71,2519,195
holding_cost,1.0,201,normal,mpc_safety,21,5,86867.20000000001,0.9388661202185792,0.9071428571428571,2928,2749,29,1836.0,50235.0,0.3145491803278688,0,0,0.015449415736794333,0.10479340476116963,720,370,12e93cb9084364d9d6ebfef7dc68561758a2757f6f04941411e8fb5edf2803be,292784.0,135825.0,14774.8,3522.0,1605.0,1791.0,637,1868,198
holding_cost,1.0,202,normal,base_stock,21,5,79358.0,0.9889380530973452,0.9792682926829268,2712,2682,146,8424.0,50235.0,0.2842920353982301,0,0,0.0,0.0,0,0,b7561ea927333787037cd2dd8a05e0a31b4802e0d7dd919a6136057069510e4c,288237.0,141760.0,19550.2,2690.0,2815.7999999999997,252.0,63,2448,185
holding_cost,1.0,202,normal,mpc_safety,21,5,82434.7,0.9601769911504425,0.9260450160771704,2712,2604,109,5948.0,50235.0,0.2842920353982301,0,0,0.013332779708591539,0.04148178571354254,720,370,b7561ea927333787037cd2dd8a05e0a31b4802e0d7dd919a6136057069510e4c,279171.0,132515.0,13714.2,3320.0,1889.1,1011.0,527,1853,190
holding_cost,1.0,203,normal,base_stock,21,5,82134.0,0.9917117117117117,0.976,2775,2752,60,2952.0,50235.0,0.24972972972972973,0,0,0.0,0.0,0,0,0587c31d467d77dc28ef249d8776ee5f2050cc485f61fd1a8bc8d9f60b178193,294742.0,138840.0,20343.4,2712.0,3084.6,345.0,21,2525,188
holding_cost,1.0,203,normal,mpc_safety,21,5,88118.0,0.9823423423423423,0.9734299516908212,2775,2726,40,1968.0,50235.0,0.24972972972972973,0,0,0.012466922151959074,0.03709078095319759,720,370,0587c31d467d77dc28ef249d8776ee5f2050cc485f61fd1a8bc8d9f60b178193,291450.0,135285.0,13773.0,3504.0,1917.0,586.0,416,2084,201
holding_cost,1.0,204,normal,base_stock,21,5,81531.0,0.9546084546084546,0.9278937381404174,2886,2755,95,6500.0,50235.0,0.305959805959806,0,0,0.0,0.0,0,0,e5e0fbd6cdd9269729891ac7fce9dff2948c1a21aa51e06d9024bdfe4633dd4c,294173.0,142255.0,19791.4,3174.0,2199.6,1487.0,233,2346,201
holding_cost,1.0,204,normal,mpc_safety,21,5,82407.6,0.9234234234234234,0.8712715855572999,2886,2665,88,5852.0,50235.0,0.305959805959806,0,0,0.015170812270468431,0.03665800476231934,720,370,e5e0fbd6cdd9269729891ac7fce9dff2948c1a21aa51e06d9024bdfe4633dd4c,283256.0,134040.0,14675.199999999999,3636.0,1657.2,2457.0,616,1843,204
holding_cost,1.0,205,normal,base_stock,21,5,78183.09999999999,0.9863920559029055,0.962536023054755,2719,2682,82,4712.0,50235.0,0.3085693269584406,0,0,0.0,0.0,0,0,b79c1afafa8b8ba1344bbaa514e286e492349c4e21638766826e57a9df6d9578,279918.0,131895.0,18615.0,2786.0,2502.9,413.0,56,2419,189
holding_cost,1.0,205,normal,mpc_safety,21,5,79366.8,0.9709452004413387,0.9562398703403565,2719,2640,82,4756.0,50235.0,0.3085693269584406,0,0,0.014846088294963013,0.036322357143078646,720,370,b79c1afafa8b8ba1344bbaa514e286e492349c4e21638766826e57a9df6d9578,273764.0,127860.0,14630.8,3618.0,1880.4,929.0,737,1690,202
holding_cost,1.0,206,normal,base_stock,21,5,81372.9,0.9450897571277719,0.9295774647887324,2841,2685,6,480.0,50235.0,0.2963745160154875,0,0,0.0,0.0,0,0,79cf9e30c039595078557482face4ab21028c27868112e6a8ffb98d4e66f6fca,287141.0,130920.0,18532.2,2920.0,2052.9,1588.0,57,2368,195
holding_cost,1.0,206,normal,mpc_safety,21,5,82784.1,0.933826117564238,0.9018867924528302,2841,2653,6,480.0,50235.0,0.2963745160154875,0,0,0.013551801207378974,0.039927861903769166,720,370,79cf9e30c039595078557482face4ab21028c27868112e6a8ffb98d4e66f6fca,282148.0,127720.0,14375.0,3746.0,1662.8999999999999,2105.0,595,1798,209
holding_cost,2.0,201,normal,base_stock,21,5,85032.4,0.967896174863388,0.9488636363636364,2928,2834,22,968.0,50235.0,0.3145491803278688,0,0,0.0,0.0,0,0,12e93cb9084364d9d6ebfef7dc68561758a2757f6f04941411e8fb5edf2803be,303365.0,141975.0,18889.4,2920.0,4312.2,969.0,71,2519,195
holding_cost,2.0,201,normal,mpc_safety,21,5,85035.0,0.9392076502732241,0.9114285714285715,2928,2750,28,1668.0,50235.0,0.3145491803278688,0,0,0.014838712241621862,0.12769654285615875,720,370,12e93cb9084364d9d6ebfef7dc68561758a2757f6f04941411e8fb5edf2803be,292051.0,135165.0,14791.8,3388.0,3280.2,1824.0,666,1841,192
holding_cost,2.0,202,normal,base_stock,21,5,76542.2,0.9889380530973452,0.9792682926829268,2712,2682,146,8424.0,50235.0,0.2842920353982301,0,0,0.0,0.0,0,0,b7561ea927333787037cd2dd8a05e0a31b4802e0d7dd919a6136057069510e4c,288237.0,141760.0,19550.2,2690.0,5631.599999999999,252.0,63,2448,185
holding_cost,2.0,202,normal,mpc_safety,21,5,80567.6,0.956858407079646,0.909967845659164,2712,2595,106,5840.0,50235.0,0.2842920353982301,0,0,0.013632071627761151,0.11420060952410235,720,370,b7561ea927333787037cd2dd8a05e0a31b4802e0d7dd919a6136057069510e4c,278435.0,131865.0,13513.199999999999,3196.0,3811.2,1087.0,490,1881,184
holding_cost,2.0,203,normal,base_stock,21,5,79049.4,0.9917117117117117,0.976,2775,2752,60,2952.0,50235.0,0.24972972972972973,0,0,0.0,0.0,0,0,0587c31d467d77dc28ef249d8776ee5f2050cc485f61fd1a8bc8d9f60b178193,294742.0,138840.0,20343.4,2712.0,6169.2,345.0,21,2525,188
holding_cost,2.0,203,normal,mpc_safety,21,5,86201.0,0.9823423423423423,0.9734299516908212,2775,2726,40,1968.0,50235.0,0.24972972972972973,0,0,0.012766421958052073,0.032227776190363024,720,370,0587c31d467d77dc28ef249d8776ee5f2050cc485f61fd1a8bc8d9f60b178193,291450.0,135285.0,13773.0,3504.0,3834.0,586.0,416,2084,201
holding_cost,2.0,204,normal,base_stock,21,5,79331.40000000001,0.9546084546084546,0.9278937381404174,2886,2755,95,6500.0,50235.0,0.305959805959806,0,0,0.0,0.0,0,0,e5e0fbd6cdd9269729891ac7fce9dff2948c1a21aa51e06d9024bdfe4633dd4c,294173.0,142255.0,19791.4,3174.0,4399.2,1487.0,233,2346,201
holding_cost,2.0,204,normal,mpc_safety,21,5,80840.6,0.9255024255024255,0.8854003139717426,2886,2671,87,5728.0,50235.0,0.305959805959806,0,0,0.013257050591228762,0.06155948571506001,720,370,e5e0fbd6cdd9269729891ac7fce9dff2948c1a21aa51e06d9024bdfe4633dd4c,283842.0,134320.0,14927.6,3554.0,3298.7999999999997,2394.0,622,1844,201
holding_cost,2.0,205,normal,base_stock,21,5,75680.2,0.9863920559029055,0.962536023054755,2719,2682,82,4712.0,50235.0,0.3085693269584406,0,0,0.0,0.0,0,0,b79c1afafa8b8ba1344bbaa514e286e492349c4e21638766826e57a9df6d9578,279918.0,131895.0,18615.0,2786.0,5005.8,413.0,56,2419,189
holding_cost,2.0,205,normal,mpc_safety,21,5,77718.8,0.9716807649871276,0.9529983792544571,2719,2642,83,4836.0,50235.0,0.3085693269584406,0,0,0.013639242838923123,0.03313509047508151,720,370,b79c1afafa8b8ba1344bbaa514e286e492349c4e21638766826e57a9df6d9578,274184.0,128160.0,14675.8,3606.0,3740.4,884.0,735,1695,204
holding_cost,2.0,206,normal,base_stock,21,5,79320.0,0.9450897571277719,0.9295774647887324,2841,2685,6,480.0,50235.0,0.2963745160154875,0,0,0.0,0.0,0,0,79cf9e30c039595078557482face4ab21028c27868112e6a8ffb98d4e66f6fca,287141.0,130920.0,18532.2,2920.0,4105.8,1588.0,57,2368,195
holding_cost,2.0,206,normal,mpc_safety,21,5,81136.0,0.933826117564238,0.9018867924528302,2841,2653,6,480.0,50235.0,0.2963745160154875,0,0,0.013665411203715862,0.03313956666672658,720,370,79cf9e30c039595078557482face4ab21028c27868112e6a8ffb98d4e66f6fca,282158.0,127720.0,14380.0,3742.0,3327.0,2098.0,594,1799,208
capacity,0.7,201,normal,base_stock,21,5,72090.2,0.8937841530054644,0.8628230616302187,2928,2617,60,3348.0,50235.0,0.3145491803278688,0,0,0.0,0.0,0,0,12e93cb9084364d9d6ebfef7dc68561758a2757f6f04941411e8fb5edf2803be,278050.0,129080.0,20427.0,3536.0,2875.7999999999997,3154.0,663,1721,199
capacity,0.7,201,normal,mpc_safety,21,5,84710.6,0.9293032786885246,0.8942857142857142,2928,2721,32,1944.0,50235.0,0.3145491803278688,0,0,0.016566564183095198,0.03321834761854483,720,370,12e93cb9084364d9d6ebfef7dc68561758a2757f6f04941411e8fb5edf2803be,288392.0,133215.0,14716.599999999999,3594.0,1675.8,2189.0,643,1837,206
capacity,0.7,202,normal,base_stock,21,5,71774.29999999999,0.9413716814159292,0.9243902439024391,2712,2553,162,9088.0,50235.0,0.2842920353982301,0,0,0.0,0.0,0,0,b7561ea927333787037cd2dd8a05e0a31b4802e0d7dd919a6136057069510e4c,274468.0,133815.0,19620.8,3446.0,3204.9,1460.0,528,1821,199
capacity,0.7,202,normal,mpc_safety,21,5,81585.7,0.9575958702064897,0.9196141479099679,2712,2597,95,5664.0,50235.0,0.2842920353982301,0,0,0.018826421047041086,0.03329569523789576,720,370,b7561ea927333787037cd2dd8a05e0a31b4802e0d7dd919a6136057069510e4c,277955.0,131405.0,13862.8,3532.0,1867.5,1131.0,528,1848,203
capacity,0.7,203,normal,base_stock,21,5,71161.40000000001,0.9358558558558558,0.9004065040650406,2775,2597,102,5652.0,50235.0,0.24972972972972973,0,0,0.0,0.0,0,0,0587c31d467d77dc28ef249d8776ee5f2050cc485f61fd1a8bc8d9f60b178193,278091.0,131995.0,21439.4,3742.0,3316.2,1854.0,747,1633,203
capacity,0.7,203,normal,mpc_safety,21,5,87480.29999999999,0.9765765765765766,0.9685990338164251,2775,2710,39,1932.0,50235.0,0.24972972972972973,0,0,0.01639755233200759,0.035883152381367314,720,370,0587c31d467d77dc28ef249d8776ee5f2050cc485f61fd1a8bc8d9f60b178193,288950.0,133530.0,13599.0,3476.0,1775.6999999999998,786.0,389,2094,204
capacity,0.7,204,normal,base_stock,21,5,73180.2,0.9213444213444213,0.8940217391304348,2886,2659,128,8040.0,50235.0,0.305959805959806,0,0,0.0,0.0,0,0,e5e0fbd6cdd9269729891ac7fce9dff2948c1a21aa51e06d9024bdfe4633dd4c,284551.0,137990.0,22356.8,3894.0,2613.0,2322.0,835,1596,211
capacity,0.7,204,normal,mpc_safety,21,5,81866.9,0.9185724185724186,0.8759811616954474,2886,2651,92,6040.0,50235.0,0.305959805959806,0,0,0.01909354323895759,0.03405391428601606,720,370,e5e0fbd6cdd9269729891ac7fce9dff2948c1a21aa51e06d9024bdfe4633dd4c,281348.0,133040.0,14541.6,3506.0,1597.5,2601.0,595,1852,204
capacity,0.7,205,normal,base_stock,21,5,72739.1,0.9525560867966164,0.9410526315789474,2719,2590,88,5104.0,50235.0,0.3085693269584406,0,0,0.0,0.0,0,0,b79c1afafa8b8ba1344bbaa514e286e492349c4e21638766826e57a9df6d9578,270889.0,126760.0,19001.8,3304.0,2741.1,1212.0,513,1869,191
capacity,0.7,205,normal,mpc_safety,21,5,78558.8,0.9646929018021332,0.9303079416531604,2719,2623,84,5092.0,50235.0,0.3085693269584406,0,0,0.017918550044565246,0.03523761428576628,720,370,b79c1afafa8b8ba1344bbaa514e286e492349c4e21638766826e57a9df6d9578,272278.0,127240.0,14512.8,3914.0,1829.3999999999999,1080.0,679,1732,221
capacity,0.7,206,normal,base_stock,21,5,71518.5,0.8908834917282646,0.8450704225352113,2841,2531,89,3952.0,50235.0,0.2963745160154875,0,0,0.0,0.0,0,0,79cf9e30c039595078557482face4ab21028c27868112e6a8ffb98d4e66f6fca,271476.0,125800.0,19053.2,3372.0,2403.2999999999997,3046.0,397,1910,198
capacity,0.7,206,normal,mpc_safety,21,5,82184.0,0.9285462865188314,0.8931419457735247,2841,2638,6,480.0,50235.0,0.2963745160154875,0,0,0.018376681788314617,0.03444327619079212,720,370,79cf9e30c039595078557482face4ab21028c27868112e6a8ffb98d4e66f6fca,280636.0,126715.0,14374.199999999999,3716.0,1642.8,2249.0,565,1813,209
capacity,1.0,201,normal,base_stock,21,5,87188.5,0.967896174863388,0.9488636363636364,2928,2834,22,968.0,50235.0,0.3145491803278688,0,0,0.0,0.0,0,0,12e93cb9084364d9d6ebfef7dc68561758a2757f6f04941411e8fb5edf2803be,303365.0,141975.0,18889.4,2920.0,2156.1,969.0,71,2519,195
capacity,1.0,201,normal,mpc_safety,21,5,86867.20000000001,0.9388661202185792,0.9071428571428571,2928,2749,29,1836.0,50235.0,0.3145491803278688,0,0,0.015449415736794333,0.10479340476116963,720,370,12e93cb9084364d9d6ebfef7dc68561758a2757f6f04941411e8fb5edf2803be,292784.0,135825.0,14774.8,3522.0,1605.0,1791.0,637,1868,198
capacity,1.0,202,normal,base_stock,21,5,79358.0,0.9889380530973452,0.9792682926829268,2712,2682,146,8424.0,50235.0,0.2842920353982301,0,0,0.0,0.0,0,0,b7561ea927333787037cd2dd8a05e0a31b4802e0d7dd919a6136057069510e4c,288237.0,141760.0,19550.2,2690.0,2815.7999999999997,252.0,63,2448,185
capacity,1.0,202,normal,mpc_safety,21,5,82434.7,0.9601769911504425,0.9260450160771704,2712,2604,109,5948.0,50235.0,0.2842920353982301,0,0,0.013332779708591539,0.04148178571354254,720,370,b7561ea927333787037cd2dd8a05e0a31b4802e0d7dd919a6136057069510e4c,279171.0,132515.0,13714.2,3320.0,1889.1,1011.0,527,1853,190
capacity,1.0,203,normal,base_stock,21,5,82134.0,0.9917117117117117,0.976,2775,2752,60,2952.0,50235.0,0.24972972972972973,0,0,0.0,0.0,0,0,0587c31d467d77dc28ef249d8776ee5f2050cc485f61fd1a8bc8d9f60b178193,294742.0,138840.0,20343.4,2712.0,3084.6,345.0,21,2525,188
capacity,1.0,203,normal,mpc_safety,21,5,88118.0,0.9823423423423423,0.9734299516908212,2775,2726,40,1968.0,50235.0,0.24972972972972973,0,0,0.012466922151959074,0.03709078095319759,720,370,0587c31d467d77dc28ef249d8776ee5f2050cc485f61fd1a8bc8d9f60b178193,291450.0,135285.0,13773.0,3504.0,1917.0,586.0,416,2084,201
capacity,1.0,204,normal,base_stock,21,5,81531.0,0.9546084546084546,0.9278937381404174,2886,2755,95,6500.0,50235.0,0.305959805959806,0,0,0.0,0.0,0,0,e5e0fbd6cdd9269729891ac7fce9dff2948c1a21aa51e06d9024bdfe4633dd4c,294173.0,142255.0,19791.4,3174.0,2199.6,1487.0,233,2346,201
capacity,1.0,204,normal,mpc_safety,21,5,82407.6,0.9234234234234234,0.8712715855572999,2886,2665,88,5852.0,50235.0,0.305959805959806,0,0,0.015170812270468431,0.03665800476231934,720,370,e5e0fbd6cdd9269729891ac7fce9dff2948c1a21aa51e06d9024bdfe4633dd4c,283256.0,134040.0,14675.199999999999,3636.0,1657.2,2457.0,616,1843,204
capacity,1.0,205,normal,base_stock,21,5,78183.09999999999,0.9863920559029055,0.962536023054755,2719,2682,82,4712.0,50235.0,0.3085693269584406,0,0,0.0,0.0,0,0,b79c1afafa8b8ba1344bbaa514e286e492349c4e21638766826e57a9df6d9578,279918.0,131895.0,18615.0,2786.0,2502.9,413.0,56,2419,189
capacity,1.0,205,normal,mpc_safety,21,5,79366.8,0.9709452004413387,0.9562398703403565,2719,2640,82,4756.0,50235.0,0.3085693269584406,0,0,0.014846088294963013,0.036322357143078646,720,370,b79c1afafa8b8ba1344bbaa514e286e492349c4e21638766826e57a9df6d9578,273764.0,127860.0,14630.8,3618.0,1880.4,929.0,737,1690,202
capacity,1.0,206,normal,base_stock,21,5,81372.9,0.9450897571277719,0.9295774647887324,2841,2685,6,480.0,50235.0,0.2963745160154875,0,0,0.0,0.0,0,0,79cf9e30c039595078557482face4ab21028c27868112e6a8ffb98d4e66f6fca,287141.0,130920.0,18532.2,2920.0,2052.9,1588.0,57,2368,195
capacity,1.0,206,normal,mpc_safety,21,5,82784.1,0.933826117564238,0.9018867924528302,2841,2653,6,480.0,50235.0,0.2963745160154875,0,0,0.013551801207378974,0.039927861903769166,720,370,79cf9e30c039595078557482face4ab21028c27868112e6a8ffb98d4e66f6fca,282148.0,127720.0,14375.0,3746.0,1662.8999999999999,2105.0,595,1798,209
capacity,1.3,201,normal,base_stock,21,5,87157.1,0.9719945355191257,0.9622266401590457,2928,2846,22,968.0,50235.0,0.3145491803278688,0,0,0.0,0.0,0,0,12e93cb9084364d9d6ebfef7dc68561758a2757f6f04941411e8fb5edf2803be,304296.0,142625.0,19470.8,2846.0,2057.1,873.0,99,2503,189
capacity,1.3,201,normal,mpc_safety,21,5,86658.5,0.9426229508196722,0.9228571428571428,2928,2760,28,1800.0,50235.0,0.3145491803278688,0,0,0.013566018719730953,0.13340011904732646,720,370,12e93cb9084364d9d6ebfef7dc68561758a2757f6f04941411e8fb5edf2803be,292893.0,136055.0,14987.199999999999,3318.0,1641.3,1798.0,689,1828,187
capacity,1.3,202,normal,base_stock,21,5,79176.8,0.9889380530973452,0.9792682926829268,2712,2682,146,8424.0,50235.0,0.2842920353982301,0,0,0.0,0.0,0,0,b7561ea927333787037cd2dd8a05e0a31b4802e0d7dd919a6136057069510e4c,288237.0,141760.0,19790.8,2624.0,2822.4,252.0,61,2450,181
capacity,1.3,202,normal,mpc_safety,21,5,82567.5,0.9609144542772862,0.932475884244373,2712,2606,104,5768.0,50235.0,0.2842920353982301,0,0,0.01304957673287918,0.036729019047578776,720,370,b7561ea927333787037cd2dd8a05e0a31b4802e0d7dd919a6136057069510e4c,279073.0,132215.0,13628.199999999999,3282.0,1902.3,1011.0,525,1856,188
capacity,1.3,203,normal,base_stock,21,5,82518.8,0.994954954954955,0.976,2775,2761,60,2952.0,50235.0,0.24972972972972973,0,0,0.0,0.0,0,0,0587c31d467d77dc28ef249d8776ee5f2050cc485f61fd1a8bc8d9f60b178193,295968.0,139630.0,20835.8,2472.0,2978.4,250.0,17,2538,173
capacity,1.3,203,normal,mpc_safety,21,5,88943.29999999999,0.9834234234234234,0.9758064516129032,2775,2729,40,1924.0,50235.0,0.24972972972972973,0,0,0.013768000637822983,0.07272686666554018,720,370,0587c31d467d77dc28ef249d8776ee5f2050cc485f61fd1a8bc8d9f60b178193,292037.0,135585.0,13470.8,3282.0,1881.8999999999999,563.0,370,2133,193
capacity,1.3,204,normal,base_stock,21,5,82245.3,0.9611919611919612,0.9392789373814042,2886,2774,85,5744.0,50235.0,0.305959805959806,0,0,0.0,0.0,0,0,e5e0fbd6cdd9269729891ac7fce9dff2948c1a21aa51e06d9024bdfe4633dd4c,297030.0,143155.0,20650.6,3106.0,2123.1,1259.0,343,2250,189
capacity,1.3,204,normal,mpc_safety,21,5,82568.2,0.9265419265419266,0.8885400313971743,2886,2674,86,5692.0,50235.0,0.305959805959806,0,0,0.012834420250010513,0.07493247142736523,720,370,e5e0fbd6cdd9269729891ac7fce9dff2948c1a21aa51e06d9024bdfe4633dd4c,283917.0,134300.0,14980.2,3478.0,1695.6,2352.0,669,1800,197
capacity,1.3,205,normal,base_stock,21,5,78388.5,0.9900698786318499,0.9654178674351584,2719,2692,74,4380.0,50235.0,0.3085693269584406,0,0,0.0,0.0,0,0,b79c1afafa8b8ba1344bbaa514e286e492349c4e21638766826e57a9df6d9578,280696.0,131985.0,18905.6,2724.0,2490.8999999999996,347.0,63,2421,186
capacity,1.3,205,normal,mpc_safety,21,5,79288.3,0.9702096358955499,0.9481268011527377,2719,2638,84,5048.0,50235.0,0.3085693269584406,0,0,0.016491847343344142,0.04145494761836571,720,370,b79c1afafa8b8ba1344bbaa514e286e492349c4e21638766826e57a9df6d9578,273562.0,128135.0,14498.4,3608.0,1872.3,973.0,715,1710,202
capacity,1.3,206,normal,base_stock,21,5,82132.9,0.9507215769095388,0.9275653923541247,2841,2701,6,480.0,50235.0,0.2963745160154875,0,0,0.0,0.0,0,0,79cf9e30c039595078557482face4ab21028c27868112e6a8ffb98d4e66f6fca,288411.0,131805.0,18431.0,2792.0,2006.1,1489.0,54,2387,188
capacity,1.3,206,normal,mpc_safety,21,5,82873.20000000001,0.936290038718761,0.9,2841,2660,8,640.0,50235.0,0.2963745160154875,0,0,0.015665623915808002,0.10658716666685428,720,370,79cf9e30c039595078557482face4ab21028c27868112e6a8ffb98d4e66f6fca,282471.0,128235.0,14542.6,3498.0,1651.2,2076.0,620,1782,197
