factor,level,mean_gain,ci95_halfwidth
capacity,0.7,10653.766666666665,3751.8946954112794
capacity,1.0,2035.1500000000062,2331.9025782716662
capacity,1.3,1879.9333333333318,2707.328409965614
holding_cost,0.5,1700.225000000001,2220.816575367457
holding_cost,1.0,2035.1500000000062,2331.9025782716662
holding_cost,2.0,2757.233333333337,2632.6678492154697
service_target,0.6,2103.1500000000015,2387.5386985294635
service_target,0.8,2035.1500000000062,2331.9025782716662
service_target,0.95,1656.2000000000044,2975.6127542669146
shortage_cost,0.5,2574.450000000002,2260.581948884587
shortage_cost,1.0,2035.1500000000062,2331.9025782716662
shortage_cost,2.0,900.25,2800.7917159281033
